Reservoir,Date,Depth_m,Elevation,Temp_C,pH,DO_mgL,Turb,Color,Odor,Algae_cells_mL,Fe_mgL,Mn_mgL,Alkalinity,Hardness,TOC,Notes,Predominant_algae_organism,Reservoir_level,Withdraw_levels,Flag
CCR,1/10/2007 12:00,,1160,7.1,7.6,10.42,2.53,41,4,"495,000",0.1,0.05,70,86,2.69,"cold, windy, water gree",anacystis,full,,
CCR,1/10/2007 12:00,,1150,7.1,7.7,10.45,2.56,44,4,"407,000",0.12,0.06,72,84,2.8,,,,,
CCR,1/10/2007 12:00,,1140,7.1,7.7,10.54,2.72,45,4,"462,000",0.09,0.05,72,84,2.82,,,,,
CCR,1/10/2007 12:00,,1130,7.1,7.6,10.41,2.84,51,4,"572,000",0.12,0.06,70,82,2.83,,,,,
CCR,1/10/2007 12:00,,1120,7.2,7.7,10.47,3.28,49,6,"979,000",0.11,0.06,72,86,2.86,,,,,
CCR,1/10/2007 12:00,,1110,7.4,7.6,10.54,9.21,74,6,"2,134,000",0.64,0.25,68,78,3.74,,,,,
CCR,2/2/2007 12:00,,1160,4.9,7.4,10.87,2.32,33,4,"2,200,000",0.13,0.03,68,82,,,diatoma,,,
CCR,2/2/2007 12:00,,1150,4.9,7.6,10.69,2.7,24,4,"2,057,000",0.13,0.04,68,84,,,,,,
CCR,2/2/2007 12:00,,1140,4.9,7.8,10.52,13.5,86,6,,,,70,84,,*sample hit intake when collecting,,,,
CCR,2/2/2007 12:00,,1130,4.9,7.8,10.58,2.5,28,6,"1,111,000",0.11,0.04,70,80,,,,,,
CCR,2/2/2007 12:00,,1120,4.8,7.8,10.09,2.5,32,4,"946,000",0.12,0.06,70,80,,,,,,
CCR,2/2/2007 12:00,,1110,5.7,7.8,9.83,24.2,116,6,,0.74,0.23,70,80,,,,,,
CCR,3/2/2007 12:00,,1160,5.9,7.8,12.08,1.62,23,12,"1,364,000",0.08,0.03,64,80,,,"diatoma, syndra, anacystis",full,1120-1130,
CCR,3/2/2007 12:00,,1150,5.5,7.8,11.98,1.6,24,8,"737,000",0.06,0.02,64,80,,,,,,
CCR,3/2/2007 12:00,,1140,5.7,7.7,12.04,1.68,19,8,"539,000",0.06,0.03,64,84,,,,,,
CCR,3/2/2007 12:00,,1130,5.9,7.8,11.99,1.56,20,8,"1,056,000",0.06,0.02,66,80,,,,,,
CCR,3/2/2007 12:00,,1120,5.5,7.7,12.08,1.62,28,6,"187,000",0.06,0.02,66,82,,,,,,
CCR,3/2/2007 12:00,,1110,6.4,7.5,11.99,1.52,31,6,"726,000",0.06,0.03,62,84,,,,,,
CCR,4/6/2007 12:00,,1160,10.5,8.46,10.2,2.04,32,24,1276000,,,60,70,,,,full pond,1120-1130,
CCR,4/6/2007 12:00,,1150,11,8.54,10.1,1.87,22,35,803000,,,58,72,,,,,,
CCR,4/6/2007 12:00,,1140,6.4,7.94,10.3,1.47,26,17,506000,,,60,80,,,,,,
CCR,4/6/2007 12:00,,1130,6.2,8.34,10.3,1.8,21,24,913000,,,60,74,,,,,,
CCR,4/6/2007 12:00,,1120,8.2,7.9,10.4,1.61,28,17,440000,,,60,76,,,,,,
CCR,4/6/2007 12:00,,1110,6.7,7.9,10.2,4.55,41,12,,,,60,74,,,,,,
CCR,5/4/2007 12:00,,1160,18.4,8.3,9.4,4.85,45,200+,1342000,,,52,60,,,"Anacystis, Chrysococcus, Synura",full pond,1120-1130,
CCR,5/4/2007 12:00,,1150,13.5,8,10.4,2.36,30,50,792000,,,52,70,,,,,,
CCR,5/4/2007 12:00,,1140,13.2,7.5,9,1.6,34,35,440000,,,58,70,,,,,,
CCR,5/4/2007 12:00,,1130,13.5,7.5,9,1.63,31,17,737000,,,56,72,,,,,,
CCR,5/4/2007 12:00,,1120,13.7,7.4,9,2.03,47,12,946000,,,60,70,,,,,,
CCR,5/4/2007 12:00,,1110,13.7,7.5,9,2.1,44,12,,,,60,70,,,,,,
CCR,6/6/2007 12:00,,1160,24,8.3,8.47,1.46,38,12,"363,000",,,64,72,,,Anacystis and cyclotella,full pond,1120-1130,
CCR,6/6/2007 12:00,,1150,17.3,7.9,9.94,1.84,40,12,"726,000",,,62,70,,,,,,
CCR,6/6/2007 12:00,,1140,10.9,7.5,10.99,2.37,45,12,"781,000",,,62,72,,,,,,
CCR,6/6/2007 12:00,,1130,10.3,7.2,12.07,3.04,48,8,"1,111,000",,,62,70,,,,,,
CCR,6/6/2007 12:00,,1120,10.1,7.2,12.12,3.02,56,12,"1,397,000",,,62,72,,,,,,
CCR,6/6/2007 12:00,,1110,10,7.2,11.25,2.4,41,12,"990,000",,,62,70,,,,,,
CCR,7/19/2007 12:00,,1160,26.4,8.2,8.2,1.17,23,6,"616,000",0.053,0.009,60,68,,,anacystis,,1120-1130,
CCR,7/19/2007 12:00,,1150,26,8.2,8.4,1.37,16,4,"374,000",0.075,0.016,60,70,,,,,,
CCR,7/19/2007 12:00,,1140,21.5,7.9,10.6,2.03,26,4,"814,000",0.109,0.04,60,70,,,,,,
CCR,7/19/2007 12:00,,1130,15.5,7.6,12.6,1.92,54,4,"1,188,000",0.17,0.098,60,68,,,,,,
CCR,7/19/2007 12:00,,1120,18,7.5,13.3,3.6,53,6,"1,463,000",0.147,0.107,60,68,,,,,,
CCR,7/19/2007 12:00,,1110,18,7.1,12.8,3.89,54,8,"1,782,000",0.138,0.105,60,70,,,,,,
CCR,8/16/2007 8:40,,1160,27.2,8,7.97,1.56,33,3,99000,0.1,0.11,60,70,,,anacystis,"6'4"" low",1120-1130,
CCR,8/16/2007 8:40,,1150,27.2,8.2,8.02,1.52,33,3,407000,0.213,0.012,60,70,,,,,,
CCR,8/16/2007 8:40,,1140,24,7.7,9.03,2.19,26,3,660000,0.084,0.026,60,68,,,,,,
CCR,8/16/2007 8:40,,1130,16.7,7.2,12.31,4.77,58,3,1232000,0.196,0.218,60,70,,,,,,
CCR,8/16/2007 8:40,,1120,14.8,7.1,13.1,5.57,72,4,1045000,0.259,0.266,60,70,,,,,,
CCR,8/16/2007 8:40,,1110,13.9,7,13.24,6.31,70,4,1738000,0.27,0.288,60,70,,,,,,
CCR,10/31/2007 11:20,,1158,17.4,7.59,8.46,2.12,47,3,1375000,0.129,0.041,62,82,,water green and murky,anacystis,1158,1120-1130,
CCR,10/31/2007 11:20,,1150,17.1,7.49,8.42,2.48,51,4,1551000,0.105,0.032,58,72,,,,,,
CCR,10/31/2007 11:20,,1140,16.7,7.37,8.35,2.84,47,6,1944000,0.095,0.029,60,72,,,,,,
CCR,10/31/2007 11:20,,1130,17.7,7.13,8.28,3.5,46,8,1650000,0.092,0.031,62,72,,,,,,
CCR,10/31/2007 11:20,,1120,15.9,6.5,9.05,7.5,71,6,2409000,0.212,0.065,60,72,,,,,,
CCR,10/31/2007 11:20,,1110,15.1,6.45,7.64,10.6,110,6,2211000,0.403,0.149,58,72,,,,,,
CCR,11/29/2007 10:00,,1160,9.6,7.1,9.85,6.38,49,6,"2,024,000",0.223,0.063,64,72,,"sunny, calm, ambient air temp. 47Â° F","anacystis, ulothrix, cryyptomonas, rhodomonas",1156.2,1120-1130,
CCR,11/29/2007 10:00,,1150,9.6,7.4,9.71,5.98,51,4,"2,299,000",0.207,0.064,60,80,,,,,,
CCR,11/29/2007 10:00,,1140,9.7,7.6,9.79,4.02,55,8,"638,000",0.322,0.087,60,74,,,,,,
CCR,11/29/2007 10:00,,1130,9.7,7.7,9.59,4.35,42,3,"979,000",0.22,0.069,62,74,,,,,,
CCR,11/29/2007 10:00,,1120,10,7.6,9.64,4.26,48,3,"638,000",0.213,0.064,60,74,,,,,,
CCR,11/29/2007 10:00,,1110,8.5,7.6,9.68,4.65,53,3,"946,000",0.27,0.077,60,74,,,,,,
CCR,12/21/2007 9:30,,1155,7.1,6.9,9.92,3.9,51,6,330000,0.164,0.056,60,74,,"cold, mist green water 36 degree F","anacystis, chrysoccous",1155,1130 and 1140,
CCR,12/21/2007 9:30,,1150,7.1,7.2,9.82,3.6,50,6,341000,0.16,0.055,58,76,,,,,,
CCR,12/21/2007 9:30,,1140,8.3,7.4,9.84,4,46,6,572000,0.249,0.058,60,78,,,,,,
CCR,12/21/2007 9:30,,1130,8.2,7.4,,3.9,43,6,1166000,0.214,0.064,60,76,,,,,,
CCR,12/21/2007 9:30,,1120,7.9,7.5,9.72,8.9,123,6,4037000,1.03,0.259,60,80,,blowout occurred before collecting 1120,,,,
CCR,12/21/2007 9:30,,1110,7.5,7.6,9.85,4,56,6,1023000,0.246,0.067,60,76,,,,,,
CCR,1/9/2008 8:50,,1150,6.5,7.9,10.65,2.95,42,4,"396,000",,,60,80,,"very windy, ambient air temperature 9.1C","anacystis, chrysoccocus",1154.7,1130-1140,
CCR,1/9/2008 8:50,,1140,6.7,7.8,10.32,2.88,31,6,"253,000",,,60,76,,,,,,
CCR,1/9/2008 8:50,,1130,6.9,7.8,10.3,2.9,40,6,"352,000",,,62,76,,,,,,
CCR,1/9/2008 8:50,,1120,7.1,7.5,10.4,2.9,36,12,"341,000",,,60,74,,,,,,
CCR,1/9/2008 8:50,,1110,7.1,7.7,10.31,7.48,64,24,"528,000",,,62,78,,,,,,
CCR,2/22/2008 10:00,,1150,5.2,7.2,11.8,2.99,36,17,"682,000",0.128,0.028,58,76,,"cold, cloudy","Taste and  odor ( Volvox, Synedra, dinobryon, anacystis)",1154.3,1130-1140,
CCR,2/22/2008 10:00,,1140,5.3,7.5,11.7,2.26,28,17,"825,000",0.156,0.03,60,74,,,,,,
CCR,2/22/2008 10:00,,1130,4.9,7.7,11.67,2.46,36,17,"880,000",0.106,0.028,60,74,,,,,,
CCR,2/22/2008 10:00,,1120,4.8,7.8,11.65,2.42,46,12,"220,000",0.157,0.031,60,72,,,,,,
CCR,4/25/2008 15:00,,1160,17.55,8.53,10.63,2.59,22,,,,,78,82,,,"anacystis, synedra, cyclotella",1159,,
CCR,4/25/2008 15:00,,1150,15.64,8.48,11.27,2.09,27,,,,,72,78,,,,,,
CCR,4/25/2008 15:00,,1140,12.34,7.29,10.29,2.67,33,,726000,0.087,0.023,78,80,,,,,,
CCR,4/25/2008 15:00,,1130,10.73,7.34,8.85,3.29,43,,671000,0.079,0.065,76,80,,,,,,
CCR,4/25/2008 15:00,,1120,10.41,7.35,9.01,4.71,49,,880000,0.179,0.163,72,80,,,,,,
CCR,4/25/2008 15:00,,1110,10.17,7.36,9.03,9.9,90,,858000,0.358,0.352,70,80,,,,,,
CCR,5/29/2008 12:00,,1160,21.17,8.2,8.47,1.58,38,,781000,0.032,0.012,68,84,,,"anacystis, phytoconis",,,
CCR,5/29/2008 12:00,,1150,19.17,8.1,8.7,2.06,33,,781000,0.109,0.011,72,86,,,,,,
CCR,5/29/2008 12:00,,1140,13.22,7.6,7.28,1.67,21,,825000,0.181,0.013,72,84,,,,,,
CCR,5/29/2008 12:00,,1130,11.78,7.4,8.17,1.53,32,,506000,0.076,0.026,66,80,,,,,,
CCR,5/29/2008 12:00,,1120,11.56,7.2,9.49,1.48,29,,638000,0.065,0.031,70,84,,,,,,
CCR,5/29/2008 12:00,,1110,11.37,7.2,9.38,1.63,32,,847000,0.071,0.065,68,84,,,,,,
CCR,6/18/2008 12:00,,1160,26.12,8.2,7.6,1.23,33,,396000,0.118,0.006,74,88,,,"anacystis, mallamonas",,,
CCR,6/18/2008 12:00,,1150,23.56,8.2,7.95,1.3,34,,198000,0.17,0.007,72,90,,,,,,
CCR,6/18/2008 12:00,,1140,15.02,7.6,7.85,1.98,44,,990000,,,72,86,,,,,,
CCR,6/18/2008 12:00,,1130,12.34,7.5,7.36,1.78,42,,935000,,,70,86,,,,,,
CCR,6/18/2008 12:00,,1120,12.08,7.3,9.83,2.74,55,,1034000,,,70,86,,,,,,
CCR,6/18/2008 12:00,,1110,11.89,7.3,9.15,2.56,47,,,,,70,86,,,,,,
CCR,6/18/2008 12:00,,1100,11.43,7.1,5.96,12.8,146,,,,,78,96,,,,,,
CCR,4/7/2009 9:00,,1160,8.3,8.09,11.34,3.55,31,17,88000,,,82,104,,,"fragillaria, anacystis, ulothrix",,,
CCR,4/7/2009 9:00,,1150,8.5,8.05,11.6,4.19,25,17,880000,,,82,102,,,,,,
CCR,4/7/2009 9:00,,1140,8.2,8.03,11.63,3.76,19,17,660000,,,82,104,,,,,,
CCR,4/7/2009 9:00,,1130,8.5,7.94,11.87,3.38,14,17,484000,,,84,112,,,,,,
CCR,4/7/2009 9:00,,1120,8.3,7.92,11.57,3.04,16,17,506000,,,80,114,,,,,,
CCR,10/23/2009 9:30,,,,,,,,,,,,,,,"green water, cloudy, slight breeze","synedra, scenedesmus, diatom, anacystis",1165.5,1150 and 1140,Not including date; two files that have differing depths for same data that don't follow logical stratification patterns
CCR,11/2/2009 8:15,,1160,13.9,,8.56,1.86,,,"770,000",0.06,0.03,,,,,"anacystis, synedra, cryptomonas",,,
CCR,11/2/2009 8:15,,1150,13.9,,8.72,1.78,,,"781,000",0.12,0.02,,,,,,,,
CCR,11/2/2009 8:15,,1140,14.2,,8.68,1.79,,,"506,000",0.06,0.02,,,,,,,,
CCR,11/2/2009 8:15,,1130,14.1,,8.65,1.9,,,"594,000",0.07,0.03,,,,,,,,
CCR,11/2/2009 8:15,,1120,12.6,,7.61,4.68,,,"803,000",0.19,0.37,,,,,,,,
CCR,11/2/2009 8:15,,1110,13.6,,7.25,5.58,,,,0.31,0.4,,,,,,,,
CCR,11/13/2009 8:45,,1160,12,7,8.81,4.53,45,6,"1,430,000",0.13,0.12,86,104,,,"Synedra, Anacystis",1168.4,,
CCR,11/13/2009 8:45,,1150,12.1,7.1,8.82,5.48,46,4,"1,144,000",0.15,0.13,86,102,,,,,,
CCR,11/13/2009 8:45,,1140,12,7.2,8.26,5.39,42,4,"1,100,000",0.16,0.13,84,102,,,,,,
CCR,11/13/2009 8:45,,1130,11.9,7.3,8.54,5.48,51,6,"869,000",0.15,0.12,82,104,,,,,,
CCR,11/13/2009 8:45,,1120,12.3,7.3,10.35,5.58,72,6,"1,364,000",0.15,0.13,82,104,,,,,,
CCR,11/13/2009 8:45,,1110,12.1,7.4,8.65,5.51,66,6,"1,133,000",0.17,0.14,84,102,,,,,,
CCR,12/8/2009 9:15,,1160,8.8,7.6,9.13,3.3,46,4,770000,0.13,0.06,80,96,,"cool, cloudy, calm","anacystis, synedra, spirogyra",full pond,1150,
CCR,12/8/2009 9:15,,1150,8.7,7.6,9.38,3.15,50,4,462000,0.14,0.05,80,96,,,,,,
CCR,12/8/2009 9:15,,1140,8.9,7.6,9.09,3.15,40,4,561000,0.13,0.05,80,94,,,,,,
CCR,12/8/2009 9:15,,1130,8.9,7.6,8.89,3.13,47,4,330000,0.13,0.05,80,94,,,,,,
CCR,12/8/2009 9:15,,1120,9,7.6,9.62,5.04,76,4,"1.628,000",0.22,0.09,80,94,,,,,,
CCR,12/8/2009 9:15,,1110,9.6,7.7,9.58,17.3,128,6,,1.08,0.37,84,96,,,,,,
CCR,1/19/2010 10:00,,1160,3.1,7.3,14.05,1.83,25,6,451000,0.06,0.02,64,76,,"sunny, clear 51F","anacystis, spirogyra, diatoma",Full Pond / Water over spillway,1150,
CCR,1/19/2010 10:00,,1150,3,7.4,13.56,1.8,37,6,341000,0.06,0.03,62,76,,,,,,
CCR,1/19/2010 10:00,,1140,3.3,7.5,13.82,1.74,38,4,539000,0.07,0.03,64,80,,,,,,
CCR,1/19/2010 10:00,,1130,3.3,7.5,14.68,1.8,26,4,396000,0.06,0.02,64,78,,,,,,
CCR,1/19/2010 10:00,,1120,3.1,7.6,15.75,1.79,20,6,550000,0.06,0.03,64,76,,,,,,
CCR,1/19/2010 10:00,,1110,4.5,7.6,13.9,7.84,92,8,,0.18,0.06,62,80,,,,,,
CCR,3/22/2010 10:30,,1160,8.1,6.9,11.8,2.53,20,6,671000,,,46,60,,"breezy, sunny, warm","Tetraspora, Gomphosphaeria, Dinobryon, ulothrix",full,,
CCR,3/22/2010 10:30,,1150,7.3,7.3,11.95,2.7,14,6,594000,,,48,60,,,,,,
CCR,3/22/2010 10:30,,1140,7.3,7.4,11.62,2.76,22,6,649000,,,48,60,,,,,,
CCR,3/22/2010 10:30,,1130,6.7,7.4,11.27,2.55,16,4,649000,,,50,60,,,,,,
CCR,3/22/2010 10:30,,1120,6.6,7.4,11.48,2.84,21,4,594000,,,48,60,,,,,,
CCR,3/22/2010 10:30,,1110,7.4,7.5,11.56,7.05,49,4,1331000,,,52,64,,,,,,
CCR,4/19/2010 9:00,,1160,15.3,7.28,9.35,1.77,11,17,,0.04,0.01,42,60,,"Cool, sunny, water is green / blowoff before sampling","synedra, anacystis ",,,
CCR,4/19/2010 9:00,,1150,14.4,7.33,9.77,2.12,14,17,726000,0.04,0.01,42,60,,,,,,
CCR,4/19/2010 9:00,,1140,9.4,7.37,10,1.23,13,17,517000,0.02,0.01,44,58,,,,,,
CCR,4/19/2010 9:00,,1130,9.4,7.35,9.64,1.68,6,12,440000,0.04,0.01,44,56,,,,,,
CCR,4/19/2010 9:00,,1120,8.2,7.38,9.22,1.74,7,12,484000,0.05,0.02,44,60,,,,,,
CCR,4/19/2010 9:00,,1110,7.8,7.28,9,2.29,28,8,,0.07,0.04,48,60,,,,,,
CCR,5/28/2010 9:00,,1160,19.4,7.5,8.95,1.24,19,8,"396,000",,,44,56,,,"anacystis, synedra",full,1130-1140,
CCR,5/28/2010 9:00,,1150,19.2,7.7,8.8,1.75,12,8,"440,000",,,44,54,,,,,,
CCR,5/28/2010 9:00,,1140,14.5,7.7,9.31,1.71,14,6,"495,000",,,44,54,,,,,,
CCR,5/28/2010 9:00,,1130,10.1,7.6,9.64,1.65,13,4,"627,000",,,44,54,,,,,,
CCR,5/28/2010 9:00,,1120,8.8,7.6,9.86,1.56,16,2,"990,000",,,44,56,,,,,,
CCR,5/28/2010 9:00,,1110,9.3,7.5,8.75,1.44,15,1,,,,50,54,,,,,,
CCR,6/3/2010 12:00,,1160,24.5,7.7,6.05,1.48,19,,"528,000",0.06,0.009,40,44,,,"anacystis, spirogyra, synedra",,,
CCR,6/3/2010 12:00,,1150,16.2,7.8,5.93,1.47,23,,"462,000",0.07,0.01,44,60,,,,,,
CCR,6/3/2010 12:00,,1140,9.2,7.7,6.19,2.34,38,,"737,000",0.09,0.12,40,60,,,,,,
CCR,6/3/2010 12:00,,1130,8.3,7.7,6.89,2.8,39,,"913,000",0.08,0.13,46,58,,,,,,
CCR,6/3/2010 12:00,,1120,8.1,7.6,6.92,2.13,42,,"891,000",0.09,0.113,42,58,,,,,,
CCR,6/3/2010 12:00,,1110,7.9,7.5,5.48,1.91,39,,,0.08,0.01,44,54,,"sunny, mid 80sF","synedra, anacystis",1168.7,1130-1140,
CCR,6/10/2010 9:30,,1160,,6.6,,1.52,,,,0.07,0.01,44,50,,,,,,
CCR,6/10/2010 9:30,,1150,,6.7,,1.72,,,484000,0.07,0.01,48,54,,,,,,
CCR,6/10/2010 9:30,,1140,,7,,1.72,,,396000,0.08,0.12,48,52,,,,,,
CCR,6/10/2010 9:30,,1130,,7,,1.95,,,726000,0.08,0.14,50,56,,,,,,
CCR,6/10/2010 9:30,,1120,,7,,12.1,,,,5.3,0.55,50,50,,,,,,
CCR,7/15/2010 12:00,,1150,,6.5,,1.7,,,,0.0654,0.0141,50,56,,**for Turb: blowoff occurred during sampling,,,,TURB
CCR,7/15/2010 12:00,,1140,,6.61,,7.85,,,,0.2275,0.3829,50,66,,,,,,TURB
CCR,7/15/2010 12:00,,1130,,6.66,,6.59,,,,0.1762,0.2985,50,60,,,,,,TURB
CCR,7/15/2010 12:00,,1120,,6.72,,5.87,,,,0.1328,0.2503,50,58,,,,,,TURB
CCR,7/15/2010 12:00,,1110,,6.71,,24.1,,,,0.6879,1.6998,54,64,,,,,,TURB
CCR,8/12/2010 9:00,,1150,21.4,7.6,5.73,1.5,23,,649000,0.031,0.016,46,60,,"hot, calm. Sunny","spirogyra, anacystis",1165,1150/1140,
CCR,8/12/2010 9:00,,1140,11.2,8.3,6.14,1.42,21,,594000,0.027,0.019,54,56,,,,,,
CCR,8/12/2010 9:00,,1130,10.8,7.3,6.81,5.65,86,,1408000,0.139,0.355,50,62,,,,,,
CCR,8/12/2010 9:00,,1120,10.3,7.1,6.59,5.52,98,,1518000,0.155,0.344,52,62,,,,,,
CCR,8/12/2010 9:00,,1110,10.12,7,6.55,7.11,104,,1309000,0.208,0.335,52,60,,,,,,
CCR,8/19/2010 14:00,,1160,27.3,7.9,7.28,1.65,25,8,"242,000",0.025,0.019,48,60,,"cloudy, raining","anabaena @ lower levels, odor causing algae throughout",,,
CCR,8/19/2010 14:00,,1150,27.2,8.2,8.3,1.62,23,8,"561,000",0.009,0.017,50,62,,,,,,
CCR,8/19/2010 14:00,,1140,24.3,8,7.18,1.75,25,8,"66,000",0.025,0.021,50,62,,,,,,
CCR,8/19/2010 14:00,,1130,17.5,7.7,7.22,3.78,38,4,"88,000",0.083,0.212,52,66,,,,,,
CCR,8/19/2010 14:00,,1120,15.4,7.5,8.6,4.46,43,6,"66,000",0.086,0.295,52,66,,,,,,
CCR,8/19/2010 14:00,,1110,12.1,7.4,8.69,5.01,48,6,"154,000",0.102,0.303,50,64,,,,,,
CCR,9/8/2010 10:00,,1150,,7.28,,2.02,,,,0.042,0.027,76,82,,,,5.6 feet low,,
CCR,9/8/2010 10:00,,1140,,7.2,,5.45,,,,0.157,0.522,70,70,,,,,,
CCR,9/8/2010 10:00,,1130,,7.17,,5.71,,,,0.205,0.668,50,70,,,,,,
CCR,9/8/2010 10:00,,1120,,7.13,,7,,,,0.18,0.53,50,70,,,,,,
CCR,9/8/2010 10:00,,1110,,7.11,,24.2,,,,1.025,3,60,70,,,,,,
CCR,9/9/2010 12:00,,1160,,,,,,8,451000,,,,,,,,,,
CCR,9/9/2010 12:00,,1150,,,,,,8,539000,,,,,,,,,,
CCR,9/9/2010 12:00,,1140,,,,,,8,473000,,,,,,,,,,
CCR,9/9/2010 12:00,,1130,,,,,,6,286000,,,,,,,,,,
CCR,9/15/2010 9:45,,1150,,7.5,,2.15,,8,396000,,,54,65,,beautiful day,"anacystis, spirogyra, synedra",6' low,,
CCR,9/15/2010 9:45,,1140,,7.3,,4.64,,6,1111000,,,46,64,,,,,,
CCR,9/15/2010 9:45,,1130,,7.2,,5.54,,6,924000,,,60,70,,,,,,
CCR,9/15/2010 9:45,,1120,,7.2,,5.52,,4,814000,,,50,62,,,,,,
CCR,9/22/2010 10:00,,1150,,6.7,,3.05,55,8,"1,738,000",0.106,0.045,52,62,,"sunny, slight breeze","Fragilaria, anacystis, tetraspora",,"1140, 1120",
CCR,9/22/2010 10:00,,1140,,6.7,,5.1,88,8,"1,045,000",0.212,0.448,54,60,,,,,,
CCR,9/22/2010 10:00,,1130,,6.7,,5.35,88,6,"1,045,000",0.211,0.332,54,62,,,,,,
CCR,9/22/2010 10:00,,1120,,6.7,,7.57,91,6,"1,089,000",0.285,0.37,52,60,,,,,,
CCR,9/22/2010 10:00,,1110,,6.6,,20.5,238,,"1,221,000",0.809,0.664,62,84,,,,,,
CCR,9/29/2010 10:00,,1160,22.3,7.4,,1.58,,8,"627,000",0.049,0.021,54,60,,"rainy, cloudy, cool","synedra, anacystis ",1160,,
CCR,9/29/2010 10:00,,1150,22.3,7.6,,1.95,,8,"330,000",0.05,0.019,52,62,,,,,,
CCR,9/29/2010 10:00,,1140,12.4,7.4,,5.25,,8,"418,000",0.183,0.188,54,64,,,,,,
CCR,9/29/2010 10:00,,1130,12.1,7.3,,5.53,,6,"363,000",0.218,0.244,54,64,,,,,,
CCR,9/29/2010 10:00,,1120,11.9,7.2,,4.8,,8,"333,000",0.176,0.212,54,64,,,,,,
CCR,9/29/2010 10:00,,1110,10.7,7.1,,27.1,,,,0.727,2.55,60,80,,,,,,
CCR,10/6/2010 10:00,,1150,19.2,7.2,6,2.4,,6,"561,000",0.054,0.023,52,58,,"cool, breezy, overcast","anacystis, synedra",5.7' low,"1150, 1140, 1120",
CCR,10/6/2010 10:00,,1140,15,7.4,6.25,2.4,,6,"517,000",0.044,0.024,56,60,,,,,,
CCR,10/6/2010 10:00,,1130,12.4,7.3,6.95,8.5,,6,"737,000",0.25,0.371,56,60,,,,,,
CCR,10/6/2010 10:00,,1120,12.2,7.3,5.2,9.02,,6,"473,000",0.249,0.249,56,60,,,,,,
CCR,10/6/2010 10:00,,1110,11.8,7.3,1.32,8.64,,6,,0.207,0.219,56,62,,,,,,
CCR,10/13/2010 10:00,,1150,19,7.4,6,2.62,,4,"671,000",0.065,0.033,52,62,,"cool, breezy, overcast","anacystis, synedra",5.7' low,"1150, 1140, 1120",
CCR,10/13/2010 10:00,,1140,18,7,4.42,2.2,,3,"297,000",0.065,0.024,56,60,,,,,,
CCR,10/13/2010 10:00,,1130,13.3,7.3,6.5,1.67,,3,"407,000",0.163,0.167,58,70,,,,,,
CCR,10/13/2010 10:00,,1120,12.6,7.1,6.5,5.05,,3,"352,000",0.262,0.304,44,68,,,,,,
CCR,10/13/2010 10:00,,1110,,6.9,,7.81,,3,"253,000",0.269,0.275,58,62,,,,,,
CCR,10/22/2010 9:45,,1160,16.7,7.3,6.07,2.01,58,,,0.11,0.04,52,62,,windy and cold,anacystis and chrysococcus,,1120 and 1140,
CCR,10/22/2010 9:45,,1150,16.7,7.4,6.07,2.26,36,12,"638,000",0.08,0.03,52,62,,,,,,
CCR,10/22/2010 9:45,,1140,16.7,7.3,6.06,3.76,50,12,"374,000",0.14,0.08,54,64,,,,,,
CCR,10/22/2010 9:45,,1130,14.1,7,6.53,9.27,123,8,"682,000",0.34,0.33,68,80,,,,,,
CCR,10/22/2010 9:45,,1120,13.2,6.9,7.18,7.14,84,2,"979,000",0.27,0.21,54,60,,,,,,
CCR,10/22/2010 9:45,,1110,12.9,6.8,5.48,28.3,261,2,"1,155,000",0.9,0.77,58,74,,,,,,
CCR,10/27/2010 9:45,,1150,16.9,7.1,5.53,1.86,28,6,"440,000",0.064,0.013,54,66,,"rain, warm, breeze",anacystis,1163.4,"1140, 1120",
CCR,10/27/2010 9:45,,1140,16.4,6.8,5.67,2.05,18,8,"418,000",0.082,0.016,56,70,,,,,,
CCR,10/27/2010 9:45,,1130,14.6,7.1,6.61,3.45,56,4,"286,000",0.112,0.05,50,70,,,,,,
CCR,10/27/2010 9:45,,1120,13.4,7.1,7.14,8.65,89,2,"737,000",0.266,0.173,54,70,,,,,,
CCR,10/27/2010 9:45,,1110,,6.9,,7.25,78,1,"605,000",0.229,0.14,54,70,,,,,,
CCR,11/3/2010 9:45,,1150,15,7.2,6.52,2.28,38,4,"451,000",0.074,0.054,40,70,,"cool, cloudy, calm","anacystis, tetraspora",1163.2,"1120, 1140",
CCR,11/3/2010 9:45,,1140,15,7.3,6.55,1.78,24,3,"352,000",0.056,0.036,54,64,,,,,,
CCR,11/3/2010 9:45,,1130,14.9,7.3,6.79,2.11,17,3,"451,000",0.046,0.049,54,68,,,,,,
CCR,11/3/2010 9:45,,1120,13.9,7.2,7.55,6.11,50,3,"429,000",0.17,0.124,52,70,,,,,,
CCR,11/3/2010 9:45,,1110,13.6,7.1,6.58,7.11,61,3,"418,000",0.182,0.177,52,68,,,,,,
CCR,11/10/2010 10:30,,1150,13.4,6.8,6.86,2.54,34,3,"308,000",0.096,0.067,52,76,,"cool, calm, sunny",anacystis,1163.2,1140-1130,
CCR,11/10/2010 10:30,,1140,13.4,6.7,6.67,3.37,28,2,"385,000",0.083,0.066,54,76,,,,,,
CCR,11/10/2010 10:30,,1130,13.3,6.8,6.65,4.72,41,3,"187,000",0.133,0.102,54,72,,,,,,
CCR,11/10/2010 10:30,,1120,13.2,7,6.29,5.13,70,2,"253,000",0.184,0.1,54,72,,,,,,
CCR,11/10/2010 10:30,,1110,13.1,7,6.47,6.68,67,4,"242,000",0.243,0.189,52,80,,,,,,
CCR,11/19/2010 10:15,,1150,12.8,7.4,5.52,3.89,45,3,"275,000",1.101,0.095,54,60,,"breezy, cool, sunny",anacystis,7 ft down,,
CCR,11/19/2010 10:15,,1140,12.8,6.6,5.79,3.48,57,3,"418,000",0.13,0.107,52,62,,,,,,
CCR,11/19/2010 10:15,,1130,12.7,6.8,5.81,3.62,38,2,"418,000",0.098,0.107,54,64,,,,,,
CCR,11/19/2010 10:15,,1120,12.2,7,5.83,3.79,45,2,"297,000",0.099,0.104,54,64,,,,,,
CCR,11/19/2010 10:15,,1110,12,7.1,5.46,3.49,50,2,,0.101,0.106,54,62,,,,,,
CCR,12/10/2010 9:35,,1160,6.8,6.6,8.94,3.39,50,2,"440,000",0.099,0.046,56,68,,"cold, partly cloudy","anacystis, spirogyra",,"1130, 1140",
CCR,12/10/2010 9:35,,1150,6.5,6.8,9.19,2.53,44,2,"319,000",0.089,0.04,54,62,,,,,,
CCR,12/10/2010 9:35,,1140,6.6,7.1,9.33,2.82,41,2,"484,000",0.105,0.05,50,60,,,,,,
CCR,12/10/2010 9:35,,1130,6.7,7.1,8.69,3.37,59,<2,"308,000",0.141,0.062,52,62,,,,,,
CCR,12/10/2010 9:35,,1120,6.7,7.1,8.9,3.95,58,2,"341,000",0.143,0.054,54,62,,,,,,
CCR,1/28/2011 10:00,,1150,,6.67,9.09,1.36,7,2,297000,0.047,0.037,54,62,,"cool, cloudy, calm",anacystis,6 feet low,,
CCR,1/28/2011 10:00,,1140,,6.87,11.37,1.53,7,8,187000,0.056,0.043,50,60,,,,,,
CCR,1/28/2011 10:00,,1130,,6.97,11.17,1.69,4,3,165000,0.043,0.035,52,62,,,,,,
CCR,1/28/2011 10:00,,1120,,7.03,11.3,1.63,3,4,154000,0.042,0.04,52,62,,,,,,
CCR,2/25/2011 9:00,,1160,6,7.77,9.89,2.45,35,4,451000,0.076,0.043,54,60,,"calm, cloudy","anacystis, synedra, cyclotella",,1130/1140,
CCR,2/25/2011 9:00,,1150,5.9,7.74,10.43,2.09,38,4,253000,0.081,0.044,58,62,,,,,,
CCR,2/25/2011 9:00,,1140,5.7,7.63,8.09,2.18,38,4,264000,0.092,0.041,56,60,,,,,,
CCR,2/25/2011 9:00,,1130,5.4,7.46,9.85,2.47,29,8,506000,0.079,0.059,58,60,,,,,,
CCR,2/25/2011 9:00,,1120,5.6,7.26,9.77,2.78,41,6,198000,0.109,0.064,54,64,,,,,,
CCR,3/17/2011 13:30,,1150,9.3,6.9,10.65,4.18,41,3,"176,000",0.078,0.047,54,72,,warm/breezy,"anacystis, synedra, asterionella",full,1130/1140,
CCR,3/17/2011 13:30,,1140,8.6,6.9,10.5,4.26,35,4,"440,000",0.069,0.041,54,76,,,,,,
CCR,3/17/2011 13:30,,1130,8.3,6.8,10.45,3.86,36,6,"220,000",0.108,0.045,54,74,,,,,,
CCR,3/17/2011 13:30,,1120,8,6.7,10.52,4.26,42,6,"143,000",0.074,0.042,54,74,,,,,,
CCR,3/17/2011 13:30,,1110,7.9,6.7,10.31,3.83,35,4,"462,000",0.079,0.047,58,72,,,,,,
CCR,3/17/2011 13:30,,1100,7.7,6.7,9.51,5.5,,,,,,56,76,,,,,,
CCR,4/8/2011 9:45,,1150,,7.9,,2.29,,6,"385,000",,,52,60,,sunny warm; CTD data to be extracted Monday,ulotrix,full pond,"1130, 1140",
CCR,4/8/2011 9:45,,1140,,7.8,10.3,2.88,,4,"319,000",,,50,60,,,,,,
CCR,4/8/2011 9:45,,1130,,7.8,10.1,3.2,,6,"330,000",,,50,60,,,,,,
CCR,4/8/2011 9:45,,1120,,7.8,,5.01,,4,"429,000",,,50,62,,,,,,
CCR,4/8/2011 9:45,,1110,,7.8,,7.44,,,,,,54,64,,,,,,
CCR,5/19/2011 11:00,,1150,,7.8,,1.74,35,,"330,000",,,40,50,,"cloudy, cool","anacystis, dynobryon",full,,
CCR,5/19/2011 11:00,,1140,,7.3,,1.63,27,,"517,000",,,46,66,,,,,,
CCR,5/19/2011 11:00,,1130,,7.3,,1.06,21,,"297,000",,,50,62,,,,,,
CCR,5/19/2011 11:00,,1120,,7.3,,1.72,24,,"330,000",,,54,64,,,,,,
CCR,5/19/2011 11:00,,1110,,7.3,,1.85,19,,"330,000",,,52,62,,,,,,
CCR,9/9/2011 11:15,,1160,24.3,7.8,7.61,2.67,31,2,,0.059,0.002,,,,,anacystis,,1130/1140,
CCR,9/9/2011 11:15,,1150,23.7,7.8,7.25,2.65,31,2,,0.053,0.004,,,,,,,,
CCR,9/9/2011 11:15,,1140,22.1,7.3,6.15,6.37,86,2,"1,254,000",0.165,0.019,,,,,,,,
CCR,9/9/2011 11:15,,1130,16.9,7.3,9.72,4.9,57,3,"946,000",0.144,0.119,,,,,,,,
CCR,9/9/2011 11:15,,1120,15.2,6.8,8.62,4.38,51,<2,"1,364,000",0.123,0.109,,,,,,,,
CCR,9/16/2011 12:10,,1160,22.2,7.9,8.42,1.68,12,3,"385,000",0.014,0.009,,,,"cool, cloudy",rhodomonas,,1130 / 1150,
CCR,9/16/2011 12:10,,1150,22.2,8.2,8.69,1.96,14,6,"429,000",0.032,0.012,,,,,,,,
CCR,9/16/2011 12:10,,1140,21.6,8.4,8.66,2.77,26,4,"627,000",0.038,0.014,,,,,,,,
CCR,9/16/2011 12:10,,1130,15.9,6.7,10.5,5.33,59,2,"550,000",0.144,0.149,,,,,,,,
CCR,9/16/2011 12:10,,1120,17.1,6.8,10.15,3.62,44,<2,"362,000",0.104,0.084,,,,,,,,
CCR,9/22/2011 12:30,,1150,22.3,,7.51,1.6,,2,,,,,,,"cloudy, greenish water. Hay smell",,,1140/1150,
CCR,9/22/2011 12:30,,1140,22.1,,7.05,1.92,,4,,,,,,,grassy,,,,
CCR,9/22/2011 12:30,,1130,16.9,,9.71,3.88,,2,,,,,,,hay smell,,,,
CCR,9/22/2011 12:30,,1120,16.2,,10.05,4.88,,<2,,,,,,,,,,,
CCR,10/6/2011 10:45,,1160,18.9,7.7,6.39,1.33,17,2,"737,000",0.035,0.022,,,,,"anacystis, rhodomonas ",,,
CCR,10/6/2011 10:45,,1150,18.8,7.7,8.43,1.34,20,3,"583,000",0.039,0.018,,,,,,,,
CCR,10/6/2011 10:45,,1140,18.5,7.6,8.28,1.47,35,<2,"429,000",0.058,0.021,,,,,,,,
CCR,10/6/2011 10:45,,1130,16.9,7.1,8.61,2.25,33,<2,"495,000",0.082,0.05,,,,,,,,
CCR,10/6/2011 10:45,,1120,14.9,6.8,9.51,4.17,48,<2,"572,000",0.151,0.114,,,,,,,,
CCR,10/20/2011 10:00,,1160,17.9,7.4,7.63,1.4,21,8,,0.04,0.009,,,,,"flagilaria, anacystis, rhodomonas",,1140/1150,
CCR,10/20/2011 10:00,,1150,17.9,7.5,8.29,1.25,23,17,"451,000",0.034,0.008,,,,,,,,
CCR,10/20/2011 10:00,,1140,17.9,7.4,7.93,1.35,24,12,"528,000",0.04,0.004,,,,,,,,
CCR,10/20/2011 10:00,,1130,16.3,6.8,8.63,3.5,48,3,"396,000",0.124,0.076,,,,,,,,
CCR,10/20/2011 10:00,,1120,14.9,6.6,9.68,3.71,49,<2,"649,000",0.133,0.088,,,,,,,,
CCR,10/24/2011 12:00,,1160,,,,,,8,,,,,,,,,,,
CCR,10/24/2011 12:00,,1150,,,,,,17,,,,,,,,,,,
CCR,10/24/2011 12:00,,1140,,,,,,8,,,,,,,,,,,
CCR,10/24/2011 12:00,,1130,,,,,,4,,,,,,,,,,,
CCR,10/24/2011 12:00,,1120,,,,,,3,,,,,,,,,,,
CCR,10/28/2011 12:00,,1160,,,,,,12,,,,,,,,,,,
CCR,10/28/2011 12:00,,1150,,,,,,17,,,,,,,,,,,
CCR,10/28/2011 12:00,,1140,,,,,,6,,,,,,,,,,,
CCR,10/28/2011 12:00,,1130,,,,,,6,,,,,,,,,,,
CCR,10/28/2011 12:00,,1120,,,,,,6,,,,,,,,,,,
CCR,11/3/2011 9:45,,1160,13.9,7.1,7.37,3.84,58,12,"616,000",0.127,0.085,,,,,,,,
CCR,11/3/2011 9:45,,1150,13.5,7.14,7.24,3.61,53,17,"638,000",0.117,0.087,,,,,,,,
CCR,11/3/2011 9:45,,1140,13.4,7.15,7.43,4.14,52,6,"297,000",0.112,0.094,,,,,,,,
CCR,11/3/2011 9:45,,1130,13.3,7.09,7.12,5.14,48,4,"462,000",0.131,0.12,,,,,,,,
CCR,11/3/2011 9:45,,1120,13.3,7.12,6.78,6.34,80,3,"671,000",0.2,0.178,,,,,,,,
CCR,11/10/2011 9:40,,1160,13.4,7.2,9.62,2.5,34,,,0.071,0.046,,,,"cloudy, breezy",,1164,1130-1140,
CCR,11/10/2011 9:40,,1150,13.5,7.2,10.65,1.93,29,8,"418,000",0.06,0.047,,,,,,,,
CCR,11/10/2011 9:40,,1140,13.3,7.4,9.88,1.71,28,4,"550,000",0.06,0.05,,,,,,,,
CCR,11/10/2011 9:40,,1130,13.2,7.2,9.54,2.8,37,4,"605,000",0.092,0.088,,,,,,,,
CCR,11/10/2011 9:40,,1120,13.1,7.1,9.69,4.02,48,2,"891,000",0.126,0.097,,,,,,,,
CCR,12/21/2011 10:45,,1160,9.5,7.1,9.09,1.92,32,3,"506,000",0.027,0.019,,,,raining,"anacystis, anabaena (blue-green)",,,
CCR,12/21/2011 10:45,,1150,9,7.3,11.04,2.35,30,2,"462,000",0.028,0.022,,,,,,,,
CCR,12/21/2011 10:45,,1140,8.9,7.5,7.89,2.48,28,2,"396,000",0.038,0.024,,,,,,,,
CCR,12/21/2011 10:45,,1130,8.8,7.5,9.17,2.4,37,4,"594,000",0.04,0.024,,,,,,,,
CCR,12/21/2011 10:45,,1120,8.7,7.5,9.69,5.15,60,3,"1,276,000",0.103,0.058,,,,,,,,
CCR,1/20/2012 10:30,,1160,6.6,7.3,10.94,1.63,34,2,,0.072,0.032,,,,"cloudy, cold, water blueish green",,,,
CCR,1/20/2012 10:30,,1150,6.2,7.4,11.27,2.01,32,2,"231,000",0.064,0.03,,,,,,,,
CCR,1/20/2012 10:30,,1140,6.1,7.4,11.07,1.88,27,2,"143,000",0.06,0.028,,,,,,,,
CCR,1/20/2012 10:30,,1130,6.2,7.5,11.31,1.94,31,4,"198,000",0.069,0.03,,,,,,,,
CCR,1/20/2012 10:30,,1120,6.1,7.5,11.08,8.09,71,3,,0.19,0.113,,,,,,,,
CCR,2/16/2012 11:00,,1160,6.5,7.6,8.01,1.96,22,,,0.05,0.032,,,,,anacystis,full pond,1130-1140,
CCR,2/16/2012 11:00,,1150,6.2,7.4,8,2.02,22,,"209,000",0.07,0.032,,,,,,,,
CCR,2/16/2012 11:00,,1140,6,7.6,8.13,2.15,25,,"143,000",0.07,0.035,,,,,,,,
CCR,2/16/2012 11:00,,1130,5.9,7.4,8.19,2.36,28,,"110,000",0.05,0.036,,,,,,,,
CCR,2/16/2012 11:00,,1120,5.9,7.6,7.89,4.11,48,,"891,000",0.11,0.055,,,,,,,,
CCR,3/29/2012 10:00,,1160,14.8,7.5,8.37,1.93,22,4,"363,000",0.05,0.028,,,,,anacystis,full pond,1130-1140,
CCR,3/29/2012 10:00,,1150,13.7,7.6,8.93,1.99,31,6,"308,000",0.06,0.026,,,,,,,,
CCR,3/29/2012 10:00,,1140,10.5,7.6,8.86,2.03,16,6,"242,000",0.04,0.028,,,,,,,,
CCR,3/29/2012 10:00,,1130,10.1,7.5,8.82,1.75,22,4,"319,000",0.05,0.025,,,,,,,,
CCR,3/29/2012 10:00,,1120,9.5,7.5,8.58,2.36,36,4,"462,000",0.09,0.054,,,,,,,,
CCR,4/12/2012 10:45,,1160,13.7,7.7,8.07,1.53,26,4,"11,000",0.02,0.018,,,,clear and windy,,full pond,1130-1140,
CCR,4/12/2012 10:45,,1150,13.1,7.7,8.37,1.62,25,4,"11,000",0.03,0.019,,,,,,,,
CCR,4/12/2012 10:45,,1140,10.5,7.6,8.28,1.85,24,4,"11,000",0.02,0.022,,,,,,,,
CCR,4/12/2012 10:45,,1130,9.1,7.6,8.28,1.46,20,3,"11,000",0.03,0.024,,,,,,,,
CCR,4/12/2012 10:45,,1120,8.7,7.5,7.77,1.48,23,4,"11,000",0.03,0.028,,,,,,,,
CCR,4/27/2012 9:30,,1160,15.7,7.8,8.48,1.55,18,4,"385,000",0.03,0.016,,,,"clear, with slight breeze",,,1130-1140,
CCR,4/27/2012 9:30,,1150,15.7,7.9,8.66,1.6,17,3,"297,000",0.02,0.015,,,,,,,,
CCR,4/27/2012 9:30,,1140,13.4,7.6,8.26,2.32,23,3,"330,000",0.04,0.022,,,,,,,,
CCR,4/27/2012 9:30,,1130,10.5,7.3,7.97,2.08,21,<2,"308,000",0.04,0.025,,,,,,,,
CCR,4/27/2012 9:30,,1120,9.4,7.2,8.2,2.11,24,2,"418,000",0.05,0.033,,,,,,,,
CCR,5/17/2012 10:15,,1160,20.9,7.9,7.9,1.03,13,2,"319,000",0.02,0.013,,,,"greenish/brown water, sunny, warm",,full pond,1130-1140,
CCR,5/17/2012 10:15,,1150,19.2,7.8,8.09,1.35,27,3,"539,000",0.01,0.015,,,,,,,,
CCR,5/17/2012 10:15,,1140,16.1,7.5,8.19,1.59,22,4,"418,000",ND,0.01,,,,,,,,
CCR,5/17/2012 10:15,,1130,11.3,7.2,8.08,1.8,29,4,"1,045,000",0.01,0.051,,,,,,,,
CCR,5/17/2012 10:15,,1120,9.7,7.2,7.21,2.1,39,3,"957,000",0.04,0.037,,,,,,,,
CCR,6/8/2012 9:35,,1160,22.1,7.9,7.36,1.21,21,3,"341,000",0.02,0.01,,,,"greenish/brown water, sunny, warm",,,1130-1140,
CCR,6/8/2012 9:35,,1150,21.8,7.9,7.67,1.45,17,4,"594,000",0.03,0.011,,,,,,,,
CCR,6/8/2012 9:35,,1140,17.3,7.3,8.36,1.59,23,3,"583,000",0.04,0.015,,,,,,,,
CCR,6/8/2012 9:35,,1130,13.7,6.8,8.62,2.11,29,8,"1,078,000",0.06,0.046,,,,,,,,
CCR,6/8/2012 9:35,,1120,12.8,6.7,8.16,1.98,31,6,"803,000",0.07,0.063,,,,,,,,
CCR,6/22/2012 9:20,,1160,27.4,7.6,6.56,0.81,14,3,"275,000",0.03,0.001,,,,"calm, partly cloudy, warm","asterionella, anacystis",full,1140-1150,
CCR,6/22/2012 9:20,,1150,24,7.6,7.39,1.28,25,3,"209,000",0.04,0.015,,,,,,,,
CCR,6/22/2012 9:20,,1140,19.2,7.5,7.8,1.59,24,2,"495,000",0.04,0.014,,,,,,,,
CCR,6/22/2012 9:20,,1130,15.4,7.4,6.88,1.23,30,2,"693,000",0.05,0.02,,,,,,,,
CCR,6/22/2012 9:20,,1120,13.6,7.1,7.55,1.71,29,3,"451,000",0.06,0.054,,,,,,,,
CCR,7/3/2012 9:00,,1160,28.4,7.7,6.67,1.07,15,3,"341,000",0.02,0.008,,,,"calm, partly cloudy, warm",anacystis,full,1140-1150,
CCR,7/3/2012 9:00,,1150,26.2,7.3,7.03,1.44,16,2,"407,000",0.03,0.009,,,,,,,,
CCR,7/3/2012 9:00,,1140,15,7,6.66,2.23,27,<2,"693,000",0.06,0.035,,,,,,,,
CCR,7/3/2012 9:00,,1130,13.3,7,7.34,2,32,2,"704,000",0.06,0.078,,,,,,,,
CCR,7/3/2012 9:00,,1120,13.9,6.9,7.16,2.05,32,4,"814,000",0.07,0.079,,,,,,,,
CCR,7/18/2012 11:00,,1160,29.3,7.9,6.7,0.79,14,3,"220,000",,0.009,,,,"sunny, hot, breezy",anacystis,2.5' low,1140/1150,
CCR,7/18/2012 11:00,,1150,28.8,7.5,6.37,1.06,16,3,"286,000",0.1,0.011,,,,,,,,
CCR,7/18/2012 11:00,,1140,15.5,6.9,6.36,2.55,33,2,"418,000",0.04,0.053,,,,,,,,
CCR,7/18/2012 11:00,,1130,14.8,6.9,7.46,2.89,43,2,"671,000",0.06,0.133,,,,,,,,
CCR,7/18/2012 11:00,,1120,13.1,6.9,7.75,3.7,53,3,"1,067,000",0.08,0.195,,,,,,,,
CCR,7/31/2012 9:45,,1160,28.3,7.9,6.85,1.03,13,2,"286,000",0.02,0.01,,,,,"anacystis, spirogyra",,1140/1150,
CCR,7/31/2012 9:45,,1150,28.5,8,6.62,1.11,13,3,"341,000",0.01,0.009,,,,,,,,
CCR,7/31/2012 9:45,,1140,14.8,7.1,7.85,2.2,32,2,"1,496,000",0.05,0.043,,,,,,,,
CCR,7/31/2012 9:45,,1130,14.4,7,8.46,2.34,31,<2,"737,000",0.06,0.081,,,,,,,,
CCR,7/31/2012 9:45,,1120,13.7,6.9,8.73,2.96,36,<2,"1,056,000",0.07,0.095,,,,,,,,
CCR,8/15/2012 11:00,,1160,27.1,7.8,6.74,0.99,11,3,"506,000",0.02,0.011,,,,cloudy,"anacystis, ulothrix, dinobryon",,1140/1150,
CCR,8/15/2012 11:00,,1150,27.2,8.1,6.65,0.97,13,3,"451,000",0.02,0.013,,,,,,,,
CCR,8/15/2012 11:00,,1140,17.4,7.4,8.3,2,25,3,"550,000",0.05,0.091,,,,,,,,
CCR,8/15/2012 11:00,,1130,14.9,7.2,8.48,1.98,26,<2,"429,000",0.06,0.096,,,,,,,,
CCR,8/15/2012 11:00,,1120,13.9,7.1,8.32,2.51,36,2,"308,000",0.08,0.162,,,,,,,,
CCR,8/31/2012 10:00,,1160,26.1,7.9,6.99,1.45,27,3,"528,000",0.04,0.018,,,,"planktothrix, new algae observed, has potential of causing taste and odor problems 1140, 1130 ","planktothrix, anacystis, astilonella",,1140/1150,
CCR,8/31/2012 10:00,,1150,25.9,7.9,6.91,1.3,22,<2,"605,000",0.03,0.019,,,,,,,,
CCR,8/31/2012 10:00,,1140,15.7,6.9,7.61,2.24,36,<2,"924,000",0.02,0.071,,,,,,,,
CCR,8/31/2012 10:00,,1130,13,6.8,8.37,2.59,61,<2,"1,606,000",0.04,0.092,,,,,,,,
CCR,8/31/2012 10:00,,1120,12.1,6.8,8.34,2.56,54,3,"792,000",0.03,0.108,,,,,,,,
CCR,9/14/2012 9:00,,1160,22.7,7.8,6.79,1.66,20,<1.4,"726,000",0.03,0.014,,,,"sunny, clear, cool",anacystis,,1140/1150,
CCR,9/14/2012 9:00,,1150,22.5,7.8,6.94,1.56,24,<1.4,"396,000",0.03,0.014,,,,,,,,
CCR,9/14/2012 9:00,,1140,22.8,7.8,6.86,1.4,35,<1.4,"451,000",0.03,0.013,,,,,,,,
CCR,9/14/2012 9:00,,1130,16.1,7.1,7.24,2.13,52,<1.4,"539,000",0.07,0.034,,,,,,,,
CCR,9/14/2012 9:00,,1120,13.1,6.9,8.61,3.1,44,<1.4,"561,000",0.11,0.077,,,,,,,,
CCR,10/10/2012 9:30,,1160,18.8,6.9,7.84,1.29,16,2,"352,000",0.03,0.013,,,,"sunny, cool","synedra, anacystis",,,
CCR,10/10/2012 9:30,,1150,18.7,7.2,7.66,1.19,20,3,"330,000",0.03,0.014,,,,,,,,
CCR,10/10/2012 9:30,,1140,18.7,7.4,7.79,1.34,13,2,"286,000",0.02,0.013,,,,,,,,
CCR,10/10/2012 9:30,,1130,17.5,7.1,7,2.16,25,<2,"253,000",0.05,0.033,,,,,,,,
CCR,10/10/2012 9:30,,1120,13.3,6.6,8.17,3.54,35,2,"429,000",0.1,0.099,,,,,,,,
CCR,11/21/2012 10:45,,1150,10.1,7.2,10.47,3.65,37,3,"495,000",0.1,0.07,,,,1160 out of water.,"anacystis, chlorella, spirogyra",,,
CCR,11/21/2012 10:45,,1140,10.1,7.3,10.29,3.76,38,4,"429,000",0.11,0.073,,,,,,,,
CCR,11/21/2012 10:45,,1130,10.1,7.4,10.29,3.72,40,4,"385,000",0.11,0.072,,,,,,,,
CCR,11/21/2012 10:45,,1120,10.2,7.4,10.08,3.81,41,4,"418,000",0.1,0.076,,,,,,,,
CCR,12/14/2012 9:50,,1150,8.3,7.8,11.84,1.91,41,<2,"308,000",0,0.047,,,,"1160 out of water. clear, sunny, cold","anacystis, ulothrix",,,
CCR,12/14/2012 9:50,,1140,8.5,7.8,12.04,1.97,47,2,"341,000",0,0.046,,,,,,,,
CCR,12/14/2012 9:50,,1130,8.3,7.8,11.66,1.89,38,2,"319,000",0,0.049,,,,,,,,
CCR,12/14/2012 9:50,,1120,8.3,7.8,11.77,1.88,28,2,"539,000",0,0.052,,,,,,,,
CCR,1/31/2013 12:30,,1160,5,7.57,12.37,9.78,86,<2,154000,0.19,0.061,,,,cold,"spirogyra, astrionella",full,,
CCR,1/31/2013 12:30,,1150,5.2,7.53,12.9,9.68,91,3,209000,0.19,0.06,,,,,,,,
CCR,1/31/2013 12:30,,1140,5,7.46,12.45,9.77,89,2,176000,0.18,0.059,,,,,,,,
CCR,1/31/2013 12:30,,1130,5.2,7.21,12.34,10.1,105,2,143000,0.21,0.061,,,,,,,,
CCR,1/31/2013 12:30,,1120,5.6,6.8,12.11,9.87,91,2,121000,0.19,0.06,,,,,,,,
CCR,2/28/2013 11:15,,1160,4.9,7.7,10.88,2.5,40,<2,"198,000",0.08,0.036,,,,"cold, breezy, flurries ","anacystis, ulothrix",flowing over dam,,
CCR,2/28/2013 11:15,,1150,4.9,7.7,11.28,2.36,47,4,"286,000",0.09,0.036,,,,,,,,
CCR,2/28/2013 11:15,,1140,5,7.7,11.14,2.38,53,4,"319,000",0.09,0.037,,,,,,,,
CCR,2/28/2013 11:15,,1130,5.5,7.7,11.49,2.83,50,3,"231,000",0.09,0.039,,,,,,,,
CCR,2/28/2013 11:15,,1120,5,7.7,10.97,2.33,50,4,"363,000",0.09,0.039,,,,,,,,
CCR,3/28/2013 11:20,,1160,6.3,7.8,10.47,1.99,29,4,"297,000",0.06,0.045,,,,"sunny, windy","anacystis, tribonema, ulothrix, asteronella, synedra",full,1140/1150,
CCR,3/28/2013 11:20,,1150,6.3,7.9,10.8,2,18,3,"242,000",0.05,0.036,,,,,,,,
CCR,3/28/2013 11:20,,1140,6.4,7.9,9.78,2.02,26,4,"561,000",0.05,0.031,,,,,,,,
CCR,3/28/2013 11:20,,1130,6.5,7.9,10.68,2.06,26,3,"572,000",0.05,0.034,,,,,,,,
CCR,3/28/2013 11:20,,1120,6.8,7.8,9.59,2.01,28,3,"550,000",0.06,0.03,,,,,,,,
CCR,4/17/2013 10:10,,1160,15.7,7.3,9.65,2.15,30,<2,"517,000",0.05,0.021,,,,,"asterionella, synedra, tabillaria (Filter cloggers)","full pond, water running over dam",1140/1150,
CCR,4/17/2013 10:10,,1150,12.8,7.6,10.02,2.07,37,<2,"396,000",0.08,0.013,,,,,,,,
CCR,4/17/2013 10:10,,1140,8,7.5,10.1,1.53,24,<2,"605,000",0.05,0.027,,,,,,,,
CCR,4/17/2013 10:10,,1130,7.9,7.5,10.17,1.9,29,<2,"693,000",0.06,0.05,,,,,,,,
CCR,4/17/2013 10:10,,1120,7.7,7.4,10.04,2.62,36,<2,"715,000",0.11,0.072,,,,,,,,
CCR,5/22/2013 10:45,,1160,21.2,7.6,8.48,1.13,13,3,"737,000",0.03,0.053,,,,"warm, sunny, breezy","synedra, chlorella, asterinella",flowing over spillway,1140-1150,
CCR,5/22/2013 10:45,,1150,18.4,7.5,8.51,1.37,18,2,"1,100,000",0.13,0.03,,,,,,,,
CCR,5/22/2013 10:45,,1140,11.2,7.5,10.26,1.16,15,<2,"1,144,000",0.04,0.027,,,,,,,,
CCR,5/22/2013 10:45,,1130,10.9,7.4,9.82,1.12,13,<2,"715,000",0.07,0.035,,,,,,,,
CCR,5/22/2013 10:45,,1120,11.1,7.3,10.89,1.56,15,<2,"1,243,000",0.07,0.042,,,,,,,,
CCR,6/21/2013 10:28,,1160,24.6,6.7,8.11,1.42,21,<2,165000,0.04,0.009,,,,"sunny, warm, clear","asterionella, frageriella",full,1140-1150,
CCR,6/21/2013 10:28,,1150,20.6,6.8,8.38,1.74,29,<2,220000,0.05,0.031,,,,,,,,
CCR,6/21/2013 10:28,,1140,10.3,6.8,10.46,1.19,21,<2,110000,0.03,0.048,,,,,,,,
CCR,6/21/2013 10:28,,1130,9.9,6.8,10.08,1.04,22,<2,319000,0.03,0.057,,,,,,,,
CCR,6/21/2013 10:28,,1120,10.3,6.8,10.36,1.23,22,<2,319000,0.04,0.025,,,,,,,,
CCR,7/9/2013 9:30,,1160,25.9,7.3,6.84,4.52,59,<2,"220,000",0.09,0.026,,,,"sunny, warm, clear","asterionella, anacystis",full,1140-1150,
CCR,7/9/2013 9:30,,1150,21.3,7.2,6.61,14.2,131,<2,"198,000",0.25,0.048,,,,,,,,
CCR,7/9/2013 9:30,,1140,13.1,7.2,8.58,3.01,25,<2,"209,000",0.22,0.044,,,,,,,,
CCR,7/9/2013 9:30,,1130,12.7,7.2,8.81,2.94,30,<2,"187,000",0.03,0.015,,,,,,,,
CCR,7/9/2013 9:30,,1120,12.5,7.1,9.75,3.47,37,<2,"704,000",0.04,0.064,,,,,,,,
CCR,8/14/2013 10:00,,1160,24.6,6.77,10.69,1.16,0,<2,319000,0.05,0.029,,,,"cool, sunny, breezy",,,1130-1140,
CCR,8/14/2013 10:00,,1150,19.5,6.75,4.7,3.46,35,<2,803000,0.09,0.049,,,,,,,,
CCR,8/14/2013 10:00,,1140,12.5,6.75,10.74,4.52,47,<2,374000,0.1,0.059,,,,,,,,
CCR,8/14/2013 10:00,,1130,10.7,6.7,13.89,4.77,42,<2,990000,0.1,0.184,,,,,,,,
CCR,8/14/2013 10:00,,1120,12.5,6.69,12.19,4.88,44,<2,495000,0.12,0.178,,,,,,,,
CCR,9/27/2013 11:25,,1160,21,7.5,7.58,1.03,37,2,440000,0.06,0.026,,,,"cool, sunny, breezy",anacystis,,1130-1140,
CCR,9/27/2013 11:25,,1150,20.3,7.5,6.61,1.64,30,<2,462000,0.03,0.016,,,,,,,,
CCR,9/27/2013 11:25,,1140,15.1,7.4,4.27,1.87,43,<2,572000,0.09,0.088,,,,,,,,
CCR,9/27/2013 11:25,,1130,12.2,7.2,7.52,2.32,35,<2,649000,0.09,0.075,,,,,,,,
CCR,9/27/2013 11:25,,1120,12,7.1,8.03,2.71,36,<2,660000,0.1,0.09,,,,,,,,
CCR,10/25/2013 12:00,,1160,17,7.36,7.84,1.3,32,3,198000,0.02,0.041,,,,,"anacystis, dinobryon, euglena",,,
CCR,10/25/2013 12:00,,1150,15.3,7.26,8.18,1.33,31,3,341000,0.03,0.038,,,,,,,,
CCR,10/25/2013 12:00,,1140,13.8,7.22,8.13,1.14,30,<2,374000,0.02,0.028,,,,,,,,
CCR,10/25/2013 12:00,,1130,10.3,7.13,7.31,3.67,56,<2,880000,0.09,0.121,,,,,,,,
CCR,10/25/2013 12:00,,1120,9.9,7.14,7.3,3.88,58,<2,572000,0.1,0.141,,,,,,,,
CCR,11/15/2013 12:00,,1160,11.1,7.49,7.6,2.46,59,8,825000,0.04,0.058,,,,"greenish water, cool, calm","Tribonema(filter clogging), anacystis, Synedra",,"1140, 1150",
CCR,11/15/2013 12:00,,1150,11,7.5,7.44,2.51,52,6,737000,0.09,0.046,,,,,,,,
CCR,11/15/2013 12:00,,1140,10.9,7.52,7.47,2.7,52,6,924000,0.13,0.066,,,,,,,,
CCR,11/15/2013 12:00,,1130,10.9,7.52,7.41,2.72,45,6,429000,0.19,0.041,,,,,,,,
CCR,11/15/2013 12:00,,1120,10.6,7.46,5.96,4.2,58,6,704000,0.12,0.129,,,,,,,,
CCR,12/27/2013 12:00,,1160,7.1,7.8,8.36,2.15,28,8,704000,0.03,0.052,,,,"greenish water, clear, cool",,,,
CCR,12/27/2013 12:00,,1150,6.9,7.8,8.65,2.18,26,8,847000,0.04,0.069,,,,,,,,
CCR,12/27/2013 12:00,,1140,6.8,7.9,10,2.31,62,6,737000,0.04,0.068,,,,,,,,
CCR,12/27/2013 12:00,,1130,6.5,7.9,10.38,2.51,31,6,836000,0.05,0.061,,,,,,,,
CCR,12/27/2013 12:00,,1120,6.4,7.86,10.08,4.86,56,8,2618000,0.07,0.108,,,,,,,,
CCR,5/9/2014 10:00,,1160,19.9,7.8,8.06,1.26,13,6,869000,0.02,0.034,,,,"clear, warm","asterionella, syndra, ancystis",full pond,,
CCR,5/9/2014 10:00,,1150,15.7,7.8,8.02,1.29,17,6,517000,0.03,0.029,,,,,,,,
CCR,5/9/2014 10:00,,1140,12.8,7.8,8.76,1.35,15,4,682000,0.03,0.038,,,,,,,,
CCR,5/9/2014 10:00,,1130,11.7,7.8,9.26,1.69,11,3,484000,0.03,0.041,,,,,,,,
CCR,5/9/2014 10:00,,1120,12.4,7.8,10.01,2.15,21,2,605000,0.05,0.05,,,,,,,,
CCR,6/30/2014 12:00,,1160,27.2,7.53,6.36,0.941,15,<2,176000,0.04,0.022,,,,"sunny, breezy",anacystis,,1140/1150,
CCR,6/30/2014 12:00,,1150,26,7.5,6.64,2.46,33,2,253000,0.06,0.004,,,,,,,,
CCR,6/30/2014 12:00,,1140,16.1,7.53,9.6,2.49,42,<2,495000,0.1,0.07,,,,,,,,
CCR,6/30/2014 12:00,,1130,12.1,7.55,10.32,2.83,34,<2,1023000,0.09,0.099,,,,,,,,
CCR,6/30/2014 12:00,,1120,13.5,7.56,9.96,1.97,36,<2,913000,0.09,0.087,,,,,,,,
CCR,7/31/2014 12:00,,1160,25.3,7.4,6.59,1.15,6,<2,429000,<0.01,<0.01,,,,"sunny, breezy",anacystis,,1140/1150,
CCR,7/31/2014 12:00,,1150,25,7.5,7.53,1,<1,<2,242000,<0.01,<0.01,,,,,,,,
CCR,7/31/2014 12:00,,1140,12.9,7.4,11.59,2.33,12,<2,517000,<0.01,0.051,,,,,,,,
CCR,7/31/2014 12:00,,1130,12.1,7.3,9.36,2.45,33,<2,220000,<0.01,0.048,,,,,,,,
CCR,7/31/2014 12:00,,1120,11.2,7.25,10.17,2.29,19,<2,671000,<0.01,0.052,,,,,,,,
CCR,9/5/2014 10:00,,1160,26.4,7.74,7.15,0.78,6,<2,473000,0.1,0.005,,,,"cool, overcast","spirogyra, anacystis",,1140/1150,
CCR,9/5/2014 10:00,,1150,25.6,7.71,7.4,1.23,13,<2,1045000,ND,0.08,,,,,,,,
CCR,9/5/2014 10:00,,1140,15,7.38,10.75,1.54,15,<2,572000,ND,0.018,,,,,,,,
CCR,9/5/2014 10:00,,1130,14.1,7.21,10.22,1.81,18,<2,1287000,ND,0.036,,,,,,,,
CCR,9/5/2014 10:00,,1120,12.9,6.96,10.51,2.37,25,<2,1298000,ND,0.045,,,,,,,,
CCR,10/31/2014 10:30,,1160,15.5,7.86,9.77,1.2,21,4,704000,0.01,0.019,,,,"overcast, cool","asterionella, dinobryon",,,
CCR,10/31/2014 10:30,,1150,15.5,7.87,9.9,1.26,27,4,1254000,0.01,0.015,,,,,,,,
CCR,10/31/2014 10:30,,1140,15.4,7.86,9.66,1.09,31,6,704000,0.02,0.017,,,,,,,,
CCR,10/31/2014 10:30,,1130,13.9,7.54,9.27,2.41,76,4,484000,0.04,0.051,,,,,,,,
CCR,10/31/2014 10:30,,1120,12.3,7.05,8.91,3.44,52,<4,528000,0.05,0.085,,,,,,,,
CCR,1/30/2015 11:00,,1160,4.3,7.47,12.57,2.17,32,<2,473000,0.03,0.103,,,,"cold, windy","anacystis, asterionella, ulothrix",1140/1150,,
CCR,1/30/2015 11:00,,1150,2.1,7.51,11.79,2.07,32,<2,517000,0.02,0.074,,,,,,,,
CCR,1/30/2015 11:00,,1140,2.1,7.54,11.94,1.87,32,<2,682000,0.04,0.086,,,,,,,,
CCR,1/30/2015 11:00,,1130,2.1,7.59,11.55,2.4,27,<2,231000,0.03,0.034,,,,,,,,
CCR,1/30/2015 11:00,,1120,3.9,7.6,12.14,3.95,36,<2,792000,0.06,0.062,,,,,,,,
CCR,3/19/2015 13:30,,1160,7.7,7.6,12.46,2.84,23,4,143000,0.02,0.036,,,,"cloudy, cool","anacystis, asterionella",full pond; water flowing over spillway,1150/1140,
CCR,3/19/2015 13:30,,1150,7.8,7.7,12.26,2.83,37,2,484000,0.02,0.04,,,,,,,,
CCR,3/19/2015 13:30,,1140,7.5,6.8,12.68,3.03,38,3,341000,0.01,0.046,,,,,,,,
CCR,3/19/2015 13:30,,1130,7,7.1,12.75,2.8,64,<2,308000,0.02,0.029,,,,,,,,
CCR,3/19/2015 13:30,,1120,6.8,7.2,12.08,3.03,40,2,935000,0.03,0.047,,,,,,,,
CCR,5/15/2015 10:00,,1160,20.7,7.6,8.22,1.74,22,3,"638,000",0.03,0.007,,,,greenwater/sunny/clear,anacystis,full,1150,
CCR,5/15/2015 10:00,,1150,15.6,7.5,8.18,1.46,22,<2,"869,000",0.02,0.018,,,,,,,,
CCR,5/15/2015 10:00,,1140,11.5,7.4,8.55,2.09,23,2,"682,000",0.02,0.02,,,,,,,,
CCR,5/15/2015 10:00,,1130,10,7.3,7.74,0.94,14,<2,"715,000",0.01,0.011,,,,,,,,
CCR,5/15/2015 10:00,,1120,9.4,7.3,7.34,1.2,17,<2,"704,000",0.03,0.024,,,,,,,,
CCR,8/13/2015 10:00,,1160,26.1,6.9,6.87,1.3,22,2,638000,0.04,0.024,,,,"beautiful, slight breeze",anacystis,,1150,
CCR,8/13/2015 10:00,,1150,26.3,7.03,6.8,1.01,20,<2,517000,0.03,0.021,,,,,,,,
CCR,8/13/2015 10:00,,1140,15.5,7.09,8.27,1.53,30,<2,616000,0.05,0.031,,,,,,,,
CCR,8/13/2015 10:00,,1130,11.8,7.02,7.88,2.3,65,<2,693000,0.15,0.13,,,,,,,,
CCR,8/13/2015 10:00,,1120,11,6.98,7.75,2.13,50,<2,1276000,0.05,0.168,,,,,,,,
CCR,9/14/2015 8:30,,1160,23.2,7.89,7.81,0.84,14,2,330000,0.02,0.014,,,,"cool, sunny",anacystis,,1140/1150,
CCR,9/14/2015 8:30,,1150,23.8,7.99,7.85,0.854,16,3,374000,0.01,0.015,,,,,,,,
CCR,9/14/2015 8:30,,1140,21.6,7.55,7.52,0.954,27,2,506000,0.02,0.019,,,,,,,,
CCR,9/14/2015 8:30,,1130,12,7.05,8.7,1.67,29,<2,836000,0.02,0.126,,,,,,,,
CCR,9/14/2015 8:30,,1120,12.7,6.89,8.64,1.83,31,2,1342000,0.01,0.169,,,,,,,,
CCR,9/23/2015 12:30,,1150,22.4,,,,,<2,495000,,,,,,"cool, sunny",anacystis,,1140/1150,
CCR,9/23/2015 12:30,,1140,19.4,,,,,3,473000,,,,,,,,,,
CCR,9/23/2015 12:30,,1130,11.8,,,,,<2,759000,,,,,,,,,,
CCR,10/7/2015 10:00,,1160,18.4,7.56,9.49,2.27,22,3,209000,0.04,0.021,,,,"CLEAR, WARM, GREEN WATER, GREEN SCUM ON SURFACE","FRAGILARIA, MALLOMONUS. ANACYSTIS",,1140/1150,
CCR,10/7/2015 10:00,,1150,17.9,7.56,8.51,2.77,30,2,440000,0.03,0.039,,,,,,,,
CCR,10/7/2015 10:00,,1140,17.3,7.5,7.7,3.4,40,2,583000,0.05,0.055,,,,,,,,
CCR,10/7/2015 10:00,,1130,13.7,7.2,8.81,3.05,36,<2,154000,0.04,0.088,,,,,,,,
CCR,10/7/2015 10:00,,1120,11.5,7,9.09,2.15,29,<2,154000,0.03,0.101,,,,,,,,
CCR,11/12/2015 11:30,,1160,14.9,7.86,9.83,1.67,40,17,1001000,0.01,0.043,,,,"clear, sunny","asterionella, gonium, anacystis  (anabaena presernt)",full pond,1140/1150,
CCR,11/12/2015 11:30,,1150,15,7.86,9.57,1.48,39,24,737000,0.02,0.023,,,,,,,,
CCR,11/12/2015 11:30,,1140,14.4,7.82,7.62,1.54,37,17,990000,0.02,0.034,,,,,,,,
CCR,11/12/2015 11:30,,1130,12.7,6.85,6.85,2.54,40,17,638000,0.04,0.051,,,,,,,,
CCR,11/12/2015 11:30,,1120,12.9,6.79,7.88,2.39,38,12,704000,0.06,0.054,,,,,,,,
CCR,11/24/2015 9:30,,1160,11.3,7.4,9.94,2.36,23,4,1925000,ND,0.041,,,,"greenwater, clear, cool","anacystis, asterionella",full pond,1140/1150,
CCR,11/24/2015 9:30,,1150,11.1,7.6,9.92,2.45,26,2,1683000,0.02,0.036,,,,,,,,
CCR,11/24/2015 9:30,,1140,11.1,7.4,9.72,2.32,38,2,1683000,0.02,0.033,,,,,,,,
CCR,11/24/2015 9:30,,1130,11.1,7.5,9.82,2.22,29,2,2068000,0.03,0.053,,,,,,,,
CCR,11/24/2015 9:30,,1120,11.1,7.5,9.86,2.23,18,2,2541000,ND,0.036,,,,,,,,
CCR,12/11/2015 10:30,,1160,10.2,7.4,7.49,2.96,54,<2,1232000,0.02,ND,,,,"brown-green water, warm, clear",anacystis,full pond,1140/1150,
CCR,12/11/2015 10:30,,1150,10.1,7.3,7.69,2.84,49,<2,2046000,0.04,ND,,,,,,,,
CCR,12/11/2015 10:30,,1140,10.1,7.3,7.85,2.89,48,<2,1463000,0.03,ND,,,,,,,,
CCR,12/11/2015 10:30,,1130,9.9,7.2,8.25,3.2,48,3,968000,0.03,ND,,,,,,,,
CCR,12/11/2015 10:30,,1120,9.9,7.2,7.43,4.06,48,6,1353000,0.06,ND,,,,,,,,
CCR,1/29/2016 10:30,,1160,6.3,7.6,11.62,1.03,19,3,121000,0.04,0.033,,,,"cold, cloudy, very windy","anacystis, cryptomonas",full,1140/1150,
CCR,1/29/2016 10:30,,1150,5.4,7.5,10.65,0.948,16,3,374000,0.04,0.019,,,,,,,,
CCR,1/29/2016 10:30,,1140,5.4,7.6,11.46,1.16,8,3,418000,0.02,0.019,,,,,,,,
CCR,1/29/2016 10:30,,1130,5.4,7.5,11.27,1.06,30,4,407000,0.04,0.02,,,,,,,,
CCR,1/29/2016 10:30,,1120,4.7,7.5,11.81,1.03,34,3,583000,0.03,0.02,,,,,,,,
CCR,3/4/2016 10:45,,1160,6.3,7.6,16.13,1.41,21,3,264000,0.03,0.024,,,,"partly cloudy, slight breeze","anacystis, mallomonas, asterionella",full pond; water over spillway,1150/1140,
CCR,3/4/2016 10:45,,1150,5.8,7.6,15.75,1.58,27,8,275000,0.11,0.024,,,,,,,,
CCR,3/4/2016 10:45,,1140,5.5,7.5,15.95,1.33,32,6,187000,0.03,0.025,,,,,,,,
CCR,3/4/2016 10:45,,1130,5.7,7.5,16.45,1.31,28,6,176000,ND,0.021,,,,,,,,
CCR,3/4/2016 10:45,,1120,5.3,7.5,16.55,1.52,16,6,517000,ND,0.019,,,,,,,,
CCR,4/28/2016 11:40,,1160,18.6,7.36,8.41,1.35,18,4,341000,0.04,0.025,,,,"sunny, warm, calm",anacystis/dinobryon(1160),full,1140/1150,
CCR,4/28/2016 11:40,,1150,15.6,7.24,9.25,1.28,39,4,253000,0.05,0.018,,,,,,,,
CCR,4/28/2016 11:40,,1140,12.1,6.99,8.19,1.06,13,4,264000,0.04,0.027,,,,,,,,
CCR,4/28/2016 11:40,,1130,11.2,6.84,7.48,1.21,16,4,297000,0.04,0.022,,,,,,,,
CCR,4/28/2016 11:40,,1120,9.7,6.6,6.45,1.93,23,4,649000,0.05,0.098,,,,,,,,
CCR,5/27/2016 10:15,,1160,22.4,7.7,7.96,1.73,25,4,374000,0.04,0.033,,,,"sunny, warm",anacystis,full pond,1140/1150,
CCR,5/27/2016 10:15,,1150,18.4,7.5,7.26,2.59,32,4,330000,0.03,0.014,,,,,,,,
CCR,5/27/2016 10:15,,1140,14.3,7.4,7,2.4,30,3,385000,0.05,0.12,,,,,,,,
CCR,5/27/2016 10:15,,1130,13.1,7.2,6.73,2.18,26,<3,605000,0.03,0.146,,,,,,,,
CCR,5/27/2016 10:15,,1120,15.7,7.3,6.94,2.35,29,2,440000,0.03,0.062,,,,,,,,
CCR,6/17/2016 10:30,,1160,27,7.8,7.16,1.31,31,3,473000,0.02,0.026,,,,"blowoff occurred prior to sample collection. overcast, breezy","diatoms, anacystis",full pond,1140/1150,
CCR,6/17/2016 10:30,,1150,19.8,7.6,8.05,1.95,71,<2,935000,0.03,0.031,,,,,,,,
CCR,6/17/2016 10:30,,1140,22,7.4,6.66,1.51,44,4,385000,0.02,0.029,,,,,,,,
CCR,6/17/2016 10:30,,1130,12.4,7,5.71,1.64,38,<2,209000,0.02,0.029,,,,,,,,
CCR,6/17/2016 10:30,,1120,13.3,7,6.42,1.48,27,<2,363000,0.03,0.025,,,,,,,,
CCR,7/29/2016 10:30,,1160,30,7.9,6.79,0.66,1,<2,341000,0.02,0.007,,,,"green clear water, breezy/cool","anacystis, zygnema",full pond,,
CCR,7/29/2016 10:30,,1150,22.5,7.8,8.85,1.27,12,<2,770000,0.02,0.017,,,,,,,,
CCR,7/29/2016 10:30,,1140,17.6,6.9,6.4,2.49,29,<2,407000,0.04,0.091,,,,,,,,
CCR,7/29/2016 10:30,,1130,15.9,6.9,5.71,2.5,33,<2,616000,0.03,0.089,,,,,,,,
CCR,7/29/2016 10:30,,1120,14.5,6.9,5.65,2.73,22,<2,1441000,0.03,0.109,,,,,,,,
CCR,9/2/2016 10:20,,1160,26.4,8.2,10.01,0.77,9,<2,506000,0.02,0.006,,,,"cloudy, breezy, cool","anacystis, diatoma",full,1140/1150,
CCR,9/2/2016 10:20,,1150,26.4,8.1,9.86,0.79,7,<2,385000,ND,0.007,,,,,,,,
CCR,9/2/2016 10:20,,1140,16.1,6.9,7.65,4.75,58,<2,704000,0.1,0.207,,,,,,,,
CCR,9/2/2016 10:20,,1130,15.9,6.8,7.21,3.45,41,<2,693000,0.07,0.15,,,,,,,,
CCR,9/2/2016 10:20,,1120,15.7,6.7,7.29,3.1,40,<2,541000,0.09,0.135,,,,,,,,
CCR,10/28/2016 10:30,,1160,17.2,7.3,9.93,1.62,26,3,539000,0.01,0.025,,,,"green water, sunny, cool","anacystis, diatoma",,1140/1150,
CCR,10/28/2016 10:30,,1150,17,7.3,9.87,1.6,27,<2,528000,0.03,0.026,,,,,,,,
CCR,10/28/2016 10:30,,1140,16.6,7.3,9.39,1.44,27,<2,605000,0.02,0.02,,,,,,,,
CCR,10/28/2016 10:30,,1130,15.7,6.7,7.44,3.3,55,<2,473000,0.14,0.166,,,,,,,,
CCR,10/28/2016 10:30,,1120,15.5,6.7,6.84,3.64,47,2,429000,0.11,0.147,,,,,,,,
CCR,11/30/2016 10:00,,1160,13.5,7.4,9.15,1.98,39,<2,594000,0.04,0.046,,,,"fog, cool, green water","anacystis, astrionella",,1140/1150,
CCR,11/30/2016 10:00,,1150,14.3,7.4,9.74,2.03,37,<2,704000,0.04,0.047,,,,,,,,
CCR,11/30/2016 10:00,,1140,14.1,7.4,10.45,3.23,47,<2,1111000,0.05,0.054,,,,,,,,
CCR,11/30/2016 10:00,,1130,11.8,7.5,9.32,2.38,45,<2,935000,0.06,0.054,,,,,,,,
CCR,11/30/2016 10:00,,1120,12,7.3,7.98,4.24,51,<2,1133000,0.08,0.094,,,,,,,,
CCR,1/27/2017 10:15,,1160,6.6,7.8,11.54,2.65,34,4,242000,0.03,0.034,,,,"cold, blowing, snowy, breezy","anacystis, ulothix",full pond; water over spillway,1140/1150,
CCR,1/27/2017 10:15,,1150,6.6,7.8,12.58,2.63,34,4,352000,0.04,0.033,,,,,,,,
CCR,1/27/2017 10:15,,1140,6.4,7.8,12.23,2.7,32,<3,539000,0.04,0.041,,,,,,,,
CCR,1/27/2017 10:15,,1130,6.3,7.7,12.06,2.49,33,4,264000,0.04,0.033,,,,,,,,
CCR,1/27/2017 10:15,,1120,6.3,7.7,12.55,2.77,33,4,418000,0.03,0.038,,,,,,,,
CCR,4/5/2017 9:30,,1160,15.4,7.9,9.6,2.52,41,4,715000,0.04,0.028,,,,"sunny, mild, pollen on top of water ","Ulothrix, Anacystis, Flagellates",1169,,
CCR,4/5/2017 9:30,,1150,13.7,7.7,9.97,2.55,50,3,231000,0.07,0.024,,,,,,,,
CCR,4/5/2017 9:30,,1140,11.8,7.7,10.14,3.01,53,<3,385000,0.08,0.04,,,,,,,,
CCR,4/5/2017 9:30,,1130,11,7.7,10.06,3.62,55,3,473000,0.07,0.054,,,,,,,,
CCR,4/5/2017 9:30,,1120,10.9,7.6,9.99,3.96,60,4,858000,0.1,0.071,,,,,,,,
CCR,5/3/2017 10:00,,1160,18.3,7.87,8.85,1.95,16,6,528000,0.04,0.012,,,,"breezy, clear","anacystis, euglena",over-flowing,1140/1150,
CCR,5/3/2017 10:00,,1150,14.5,7.73,10.05,1.75,20,4,550000,0.03,0.02,,,,,,,,
CCR,5/3/2017 10:00,,1140,11.5,7.43,10.31,2.11,16,4,305000,0.03,0.025,,,,,,,,
CCR,5/3/2017 10:00,,1130,10.7,7.45,10.44,1.71,14,<3,396000,0.03,0.038,,,,,,,,
CCR,5/3/2017 10:00,,1120,11.4,7.4,10.49,2.17,20,6,803000,0.03,0.041,,,,,,,,
CCR,6/9/2017 10:00,,1160,22.6,7.6,7.68,1.35,44,3,627000,0.01,0.01,,,,"sunny, pleasant","anacystis, flagellates, asterionella (1160)",full,1140/1150,
CCR,6/9/2017 10:00,,1150,16.4,7.3,6.78,2.08,34,6,341000,0.02,0.016,,,,,,,,
CCR,6/9/2017 10:00,,1140,13.4,7.2,6.83,1.95,34,6,550000,0.07,0.048,,,,,,,,
CCR,6/9/2017 10:00,,1130,12.7,7.1,6.47,1.71,17,3,1012000,0.13,0.04,,,,,,,,
CCR,6/9/2017 10:00,,1120,11.9,7.1,6.15,1.79,18,<3,616000,0.02,0.044,,,,,,,,
CCR,7/31/2017 10:35,,1160,28.6,7.69,5.87,1.06,76,<2,407000,0.11,0.011,,,,"warm, sunny, calm",anacystis,2.1 ft below full pond,1140/1150,
CCR,7/31/2017 10:35,,1150,25.8,7.77,9.08,1.68,26,3,803000,0.04,0.017,,,,,,,,
CCR,7/31/2017 10:35,,1140,19,7.05,8.22,2.57,34,3,748000,0.08,0.046,,,,,,,,
CCR,7/31/2017 10:35,,1130,14.5,6.92,4.73,3.3,58,<2,693000,0.15,0.113,,,,,,,,
CCR,7/31/2017 10:35,,1120,13.3,6.78,4.1,3.13,38,2,2068000,0.12,0.114,,,,,,,,
CCR,8/25/2017 10:00,,1160,26.1,7.9,8.36,0.93,20,<2,517000,0.04,0.013,,,,"clear, cool, breezy",anacystis,,1140/1150,
CCR,8/25/2017 10:00,,1150,25.9,7.9,8.92,1.16,24,<2,440000,0.04,0.014,,,,,,,,
CCR,8/25/2017 10:00,,1140,17.9,7,7.46,3.33,50,<2,880000,0.13,0.128,,,,,,,,
CCR,8/25/2017 10:00,,1130,16.7,6.79,6.95,2.96,74,<2,2310000,0.12,0.112,,,,,,,,
CCR,8/25/2017 10:00,,1120,14.6,6.67,6.43,4.08,55,<2,1287000,0.16,0.17,,,,,,,,
CCR,9/29/2017 12:00,,1160,24.3,8,5.46,1.28,2,3,638000,0.01,0.014,,,,nice,anacystis,,1140/1150,
CCR,9/29/2017 12:00,,1150,21.8,7.3,5.1,1.55,14,4,726000,0.03,0.017,,,,,,,,
CCR,9/29/2017 12:00,,1140,18.5,6.8,2.86,2.1,9,6,693000,0.03,0.029,,,,,,,,
CCR,9/29/2017 12:00,,1130,15.4,6.6,2.42,2.3,15,4,649000,0.08,0.098,,,,,,,,
CCR,9/29/2017 12:00,,1120,15.1,6.6,2.16,2.6,26,4,957000,0.09,0.109,,,,,,,,
CCR,10/30/2017 10:45,,1160,15.2,7.35,7.86,2.52,27,6,946000,0.06,0.058,,,,breezy cool,"anacystis, flagellates",,1140/1150,
CCR,10/30/2017 10:45,,1150,15.1,7.32,7.49,2.44,32,4,462000,0.06,0.032,,,,,,,,
CCR,10/30/2017 10:45,,1140,14.9,7.16,7.64,2.13,27,6,671000,0.07,0.031,,,,,,,,
CCR,10/30/2017 10:45,,1130,14.9,7.04,7.78,2.29,25,6,253000,0.07,0.059,,,,,,,,
CCR,10/30/2017 10:45,,1120,14.5,6.78,6.74,2.62,30,6,374000,0.08,0.033,,,,,,,,
CCR,11/29/2017 9:45,,1160,10.7,7.36,9.61,2.43,34,6,924000,0.15,0.054,,,,"clear, cool, green water","anacystis, ulothrix",,1150/1140,
CCR,11/29/2017 9:45,,1150,10.4,7.37,9.7,2.57,37,4,231000,0.08,0.061,,,,,,,,
CCR,11/29/2017 9:45,,1140,11,7.28,9.85,3.01,40,3,187000,0.09,0.064,,,,,,,,
CCR,11/29/2017 9:45,,1130,10.6,7.28,9.95,2.5,40,,429000,0.08,0.066,,,,,,,,
CCR,11/29/2017 9:45,,1120,9.2,7.18,7.67,6.68,75,3,473000,0.2,0.13,,,,,,,,
CCR,3/2/2018 10:40,,1160,6.5,7.64,9.59,3.44,47,4,726000,0.09,0.03,,,,extremely windy!!  2' waves,"anacystis, diatoms cyclotella, aphanizomenon (cyanobacteria), aphanizomenon could be on reservoir surface floating",full,,
CCR,3/2/2018 10:40,,1150,7.5,7.67,9.19,3.93,46,3,429000,0.08,0.033,,,,,,,,
CCR,3/2/2018 10:40,,1140,6.4,7.69,7.82,3.54,44,3,583000,0.09,0.032,,,,,,,,
CCR,3/2/2018 10:40,,1130,6.5,7.71,8.69,3.46,54,3,583000,0.09,0.031,,,,,,,,
CCR,3/2/2018 10:40,,1120,6.3,7.71,6.5,3.45,37,<3,429000,0.08,0.034,,,,,,,,
CCR,3/29/2018 10:40,,1160,10.9,7.9,11.61,8.7,45,3,550000,0.1,0.026,,,,"clear, mild","ulothrix, cylotela, anacystis",full,,
CCR,3/29/2018 10:40,,1150,10.8,8.4,12.19,2.66,36,2,715000,0.06,0.038,,,,,,,,
CCR,3/29/2018 10:40,,1140,9.8,7.5,11.75,3.07,32,2,495000,0.08,0.04,,,,,,,,
CCR,3/29/2018 10:40,,1130,9.9,7.5,11.68,2.71,38,3,572000,0.07,0.038,,,,,,,,
CCR,3/29/2018 10:40,,1120,9,7.4,11.26,5.33,72,6,5298000,0.18,0.085,,,,,,,,
CCR,4/30/2018 10:15,,1160,14.7,8.02,11.87,2.18,43,3,528000,0.13,0.02,,,,"breezy, cold","ULOTHRIX, FLAGELLATES, ANACYSTIS",full pond,1150,
CCR,4/30/2018 10:15,,1150,14.2,7.95,10.83,2.31,38,8,704000,0.05,0.024,,,,,,,,
CCR,4/30/2018 10:15,,1140,11.8,7.44,11.55,2.74,44,6,847000,0.09,0.041,,,,,,,,
CCR,4/30/2018 10:15,,1130,10.5,7.37,12.15,3,50,3,979000,0.09,0.063,,,,,,,,
CCR,4/30/2018 10:15,,1120,9.9,7.27,10.74,3.77,51,4,1914000,0.06,0.096,,,,,,,,
CCR,5/30/2018 10:00,,1160,23.7,7.7,10.08,1.58,77,3,264000,0.02,0.007,,,,"clear, warm",anacystis,full,,
CCR,5/30/2018 10:00,,1150,17.2,7.6,10.53,1.66,35,4,352000,0.01,0.007,,,,,,,,
CCR,5/30/2018 10:00,,1140,13.8,7.21,10.63,1.65,25,2,253000,0,0.019,,,,,,,,
CCR,5/30/2018 10:00,,1130,13,7.2,10.53,1.48,50,2,319000,0.02,0.039,,,,,,,,
CCR,5/30/2018 10:00,,1120,12.5,7.17,10.16,1.4,25,<3,596000,0.08,0.049,,,,,,,,
CCR,6/28/2018 10:00,,1160,26.1,7.21,5.26,1.66,20,<3,704000,0.08,ND,,,,"sunny, breezy","ANACYSTIS, EUGLENA, CHRYSOCCOCOUS, ",full pond,1150,
CCR,6/28/2018 10:00,,1150,22,7.24,6.69,1.97,26,3,627000,0.06,0.002,,,,,,,,
CCR,6/28/2018 10:00,,1140,15.8,7.1,6.76,1.39,13,<3,374000,0.02,0.008,,,,,,,,
CCR,6/28/2018 10:00,,1130,16.5,7.06,6.63,1.9,23,<3,506000,0.31,0.055,,,,,,,,
CCR,6/28/2018 10:00,,1120,13.9,6.97,6.73,1.63,16,<3,396000,0.58,0.048,,,,,,,,
CCR,8/3/2018 9:30,,1160,25.7,7.86,6.33,0.89,22,4,99000,0.03,0.013,,,,"rain, warm",anacystis,,,
CCR,8/3/2018 9:30,,1150,25.1,7.83,6.553,0.9,23,<2,209000,0.03,0.007,,,,,,,,
CCR,8/3/2018 9:30,,1140,17.8,7.19,6.6,1.28,29,<2,242000,0.03,0.018,,,,,,,,
CCR,8/3/2018 9:30,,1130,16.4,6.93,6.2,1.91,30,2,946000,0.07,0.054,,,,,,,,
CCR,8/3/2018 9:30,,1120,13.9,6.86,5.96,2.29,31,<2,660000,0.13,0.132,,,,,,,,
CCR,8/30/2018 10:00,,1160,29.2,8.44,7.33,1.29,25,3,308000,0.05,0.017,,,,"sunny, warm, green water",anacystis,,1140/1150,
CCR,8/30/2018 10:00,,1150,26.3,7.44,7.12,1.56,30,2,264000,0.05,0.022,,,,,,,,
CCR,8/30/2018 10:00,,1140,21.5,7.26,9.08,1.35,27,<2,264000,0.21,0.024,,,,,,,,
CCR,8/30/2018 10:00,,1130,21,7.1,6.25,1.37,28,<2,297000,0.06,0.03,,,,,,,,
CCR,8/30/2018 10:00,,1120,15.1,6.81,4.61,2.07,31,<2,704000,0.06,0.08,,,,,,,,
CCR,9/18/2018 10:00,,1160,24.4,7.94,6.51,1.8,33,3,704000,0.1,0.033,,,,"cloudy, green water",anacystis,flagellates,,
CCR,9/18/2018 10:00,,1150,24.3,7.85,6.62,1.82,40,3,572000,0.08,0.027,,,,,,,,
CCR,9/18/2018 10:00,,1140,19.7,6.77,3.36,1.88,33,<2,1100000,0.08,0.037,,,,,,,,
CCR,9/18/2018 10:00,,1130,15.7,6.64,5.08,2.65,51,<2,1837000,0.16,0.327,,,,,,,,
CCR,9/18/2018 10:00,,1120,16.9,6.6,3.97,2.01,37,<2,1386000,0.11,0.183,,,,,,,,
CCR,9/20/2018 11:00,,1160,25,8.37,,1.76,,,759000,0.07,0.017,,,,hot/calm; debris on top or reservoir,anacystis,,1140/1150,
CCR,9/20/2018 11:00,,1150,23.4,7.34,,3.54,,,1144000,0.1,0.023,,,,,,,,
CCR,9/20/2018 11:00,,1140,15.8,6.81,,2.62,,,825000,0.07,0.195,,,,,,,,
CCR,9/20/2018 11:00,,1130,13.3,6.76,,3.77,,,1463000,0.12,0.414,,,,,,,,
CCR,9/20/2018 11:00,,1120,13,6.79,,3.89,,,2288000,0.12,0.479,,,,,,,,
CCR,9/24/2018 9:30,,1160,23.7,8.17,7.25,1.83,40,6,770000,0.04,0.027,,,,raining,anacystis,,1140/1150,
CCR,9/24/2018 9:30,,1150,22.7,7.19,5.98,4.13,58,4,1188000,0.09,0.032,,,,,,,,
CCR,9/24/2018 9:30,,1140,14.9,6.71,4.6,2.32,41,<4,1078000,0.08,0.112,,,,,,,,
CCR,9/24/2018 9:30,,1130,15,6.66,4.46,3.17,58,<4,1089000,0.15,0.215,,,,,,,,
CCR,9/24/2018 9:30,,1120,14.5,6.57,5.29,5.11,65,<4,1353000,0.14,0.378,,,,,,,,
CCR,10/2/2018 9:45,,1160,25.3,7.66,7.04,2.3,47,<3,781000,0.06,0.014,,,,"clear, green water",anacystis,full pond,,
CCR,10/2/2018 9:45,,1150,21.9,7.16,5.82,3.3,55,<3,1309000,0.09,0.02,,,,,,,,
CCR,10/2/2018 9:45,,1140,16.8,6.61,4.48,3.83,62,3,2541000,0.16,0.109,,,,,,,,
CCR,10/2/2018 9:45,,1130,15.9,6.59,4.51,3.92,58,<2,2783000,0.14,0.214,,,,,,,,
CCR,10/2/2018 9:45,,1120,15.3,6.58,4.34,3.99,61,<2,3157000,0.15,0.245,,,,,,,,
CCR,10/19/2018 11:00,,1160,18.3,7.5,7.51,3.58,37,<3,1001000,0.16,0.03,,,,"yellow/green water, cool, sunny","anacystis, flagellate, euglena",fullâ¦ over spillway,1140/1150,
CCR,10/19/2018 11:00,,1150,17.9,7.41,7.09,3.61,31,<3,825000,0.11,0.024,,,,,,,,
CCR,10/19/2018 11:00,,1140,17.1,7,6.4,3.73,36,3,616000,0.16,0.035,,,,,,,,
CCR,10/19/2018 11:00,,1130,14.7,6.62,5.01,4.29,30,3,700000,0.18,0.132,,,,,,,,
CCR,10/19/2018 11:00,,1120,13.9,6.54,5.07,4.35,36,<3,1243000,0.14,0.135,,,,,,,,
CCR,11/2/2018 11:30,,1160,16.2,7.28,7.54,2.67,34,<2,1199000,0.08,0.031,,,,"overcast, mild","anacystis, ulothrix",,,
CCR,11/2/2018 11:30,,1150,15.5,7.28,7.4,2.82,37,3,891000,0.08,0.032,,,,,,,,
CCR,11/2/2018 11:30,,1140,15.4,6.91,6.71,2.96,41,2,1804000,0.12,0.037,,,,,,,,
CCR,11/2/2018 11:30,,1130,15.1,6.78,6.28,3.61,50,2,1716000,0.15,0.086,,,,,,,,
CCR,11/2/2018 11:30,,1120,14.9,6.79,6.59,3.65,42,2,1100000,0.14,0.096,,,,,,,,
CCR,11/29/2018 10:00,,1160,10,7.44,9.53,3.29,50,4,880000,0.12,0.014,,,,"clear, calm brown-green water","anacystis, ulothrix",going over dam,1140/1150,
CCR,11/29/2018 10:00,,1150,9.3,7.39,9.69,2.93,44,<3,1210000,0.12,0.005,,,,,,,,
CCR,11/29/2018 10:00,,1140,9.1,7.34,9.74,3.06,48,3,803000,0.14,0.015,,,,,,,,
CCR,11/29/2018 10:00,,1130,8.9,7.33,9.6,3.14,50,8,1045000,0.1,0.008,,,,,,,,
CCR,11/29/2018 10:00,,1120,8.6,7.09,9.22,3.11,54,6,1122000,0.2,0.009,,,,,,,,
CCR,12/18/2018 11:30,,1160,8.3,6.79,9.35,2.06,32,<3,748000,0.1,0.012,,,,clear/cold,"anacystis, ulothrix",full,,
CCR,12/18/2018 11:30,,1150,7.8,6.73,9.04,2.05,43,<3,1210000,0.09,0.019,,,,,,,,
CCR,12/18/2018 11:30,,1140,7.7,6.69,8.9,2.36,41,<3,957000,0.12,0.003,,,,,,,,
CCR,12/18/2018 11:30,,1130,7.5,6.66,8.76,2.47,42,3,1067000,0.16,0.002,,,,,,,,
CCR,12/18/2018 11:30,,1120,7.3,6.58,8.81,2.3,42,3,1100000,0.08,0.003,,,,,,,,
CCR,1/18/2019 10:00,,1160,6.6,7.08,10.15,2.79,37,,539000,0.07,0.037,,,,"mild, green water",anacystis,full,1150/1140,
CCR,1/18/2019 10:00,,1150,6.5,7.04,10.38,2.73,42,,484000,0.09,0.037,,,,,,,,
CCR,1/18/2019 10:00,,1140,6.5,7.19,10.76,2.48,47,,594000,0.1,0.04,,,,,,,,
CCR,1/18/2019 10:00,,1130,6.5,6.99,10.34,2.4,39,,440000,0.05,0.037,,,,,,,,
CCR,1/18/2019 10:00,,1120,6.3,6.93,10.05,2.85,35,,462000,0.11,0.04,,,,,,,,
CCR,2/28/2019 10:00,,1160,7.7,7.58,10.15,3.47,57,6,473000,0.14,0.032,,,,"cool, clear, green","anacystis, flagellates",.5 ft running over spillway,1140/1150,
CCR,2/28/2019 10:00,,1150,7.5,7.6,10.18,3.25,52,<3,187000,0.19,0.031,,,,,,,,
CCR,2/28/2019 10:00,,1140,7.5,7.51,10.36,3.16,49,<3,132000,0.1,0.03,,,,,,,,
CCR,2/28/2019 10:00,,1130,7.5,7.47,10.56,3.17,46,<3,242000,0.11,0.046,,,,,,,,
CCR,2/28/2019 10:00,,1120,6.8,7.4,10.95,3.26,38,<3,528000,0.1,0.039,,,,,,,,
CCR,3/11/2019 12:00,,1160,6.8,7.4,10.14,4.03,44,,506000,0.22,0.028,,,,clear,anacystis,full,1140/1150,
CCR,3/11/2019 12:00,,1150,6.7,7.4,9.91,4.08,45,,737000,0.19,0.028,,,,,,,,
CCR,3/11/2019 12:00,,1140,6.9,7.4,9.83,4.13,43,,704000,0.1,0.026,,,,,,,,
CCR,3/11/2019 12:00,,1130,6.7,7.5,10.18,4.05,38,,770000,0.09,0.027,,,,,,,,
CCR,3/11/2019 12:00,,1120,6.3,7.4,9.8,4.18,42,,1155000,0.15,0.029,,,,,,,,
CCR,4/18/2019 10:30,,1160,14.4,7.5,9.02,4.43,42,3,319000,0.08,0.02,,,,"clear, warm",,full,1140/1150,
CCR,4/18/2019 10:30,,1150,11.6,7.4,9.17,3.33,40,4,385000,0.07,0.018,,,,,,,,
CCR,4/18/2019 10:30,,1140,10,7.3,8.93,2.43,42,4,462000,0.07,0.021,,,,,,,,
CCR,4/18/2019 10:30,,1130,9.9,7.1,8.73,3.03,47,6,924000,0.08,0.049,,,,,,,,
CCR,4/18/2019 10:30,,1120,9.9,7.1,8.37,3.12,52,8,616000,0.09,0.063,,,,,,,,
CCR,5/24/2019 10:30,,1160,22.5,7.3,7.47,2.02,27,6,759000,0.12,0.016,,,,"sunny, warm, light breeze","asterionella, anacystis, flagellates",full pond,1140/1150,
CCR,5/24/2019 10:30,,1150,19,7.04,7.42,1.46,27,<3,737000,0.06,0.016,,,,,,,,
CCR,5/24/2019 10:30,,1140,15.6,7.01,7.29,1.41,18,3,297000,0.06,0.016,,,,,,,,
CCR,5/24/2019 10:30,,1130,13.1,6.89,7.45,1.18,18,4,319000,0.04,0.017,,,,,,,,
CCR,5/24/2019 10:30,,1120,11.6,6.91,7.52,1.7,53,6,770000,0.06,0.02,,,,,,,,
CCR,6/27/2019 11:00,,1160,25.8,7.6,7.15,1.06,21,4,924000,0.04,0.011,,,,"sunny, warm, calm","anacystis, fragellaria",full,1140/1150,
CCR,6/27/2019 11:00,,1150,15.6,6.99,6.07,2.04,45,<2,781000,0.06,0.02,,,,,,,,
CCR,6/27/2019 11:00,,1140,13.1,6.85,6.39,1.69,29,<2,503000,0.09,0.016,,,,,,,,
CCR,6/27/2019 11:00,,1130,10.9,6.82,5.92,1.4,29,<2,605000,0.08,0.033,,,,,,,,
CCR,6/27/2019 11:00,,1120,10.9,6.75,7.04,2,32,<2,572000,0.08,0.124,,,,,,,,
CCR,7/26/2019 10:00,,1160,26.7,7.76,8.73,1.07,28,<3,187000,0.04,0.011,24,,,"sunny, warm, light breeze",anacystis,full pond,1140/1150,
CCR,7/26/2019 10:00,,1150,27.2,7.82,9.2,1.13,36,<3,605000,0.07,0.012,24,,,,,,,
CCR,7/26/2019 10:00,,1140,25.5,7.76,10.27,1.33,33,<3,770000,0.05,0.012,24,,,,,,,
CCR,7/26/2019 10:00,,1130,16.3,7.05,7.64,1.64,42,<3,825000,0.06,0.021,22,,,,,,,
CCR,7/26/2019 10:00,,1120,11.1,6.76,7.17,1.4,24,3,946000,0.06,0.084,24,,,,,,,
CCR,8/30/2019 10:00,,1160,23.5,7.5,7.19,1.37,9,6,429000,0.01,0.019,,,,"sunny, warm",anacystis,4.4 low,1140/1150,8/30/19 and 9/26/19 both have exact same data sheet besides the date
CCR,8/30/2019 10:00,,1150,23.4,7.4,6.09,1.64,35,6,869000,0.03,0.024,,,,,,,,8/30/19 and 9/26/19 both have exact same data sheet besides the date
CCR,8/30/2019 10:00,,1140,14.5,6.9,4.07,1.84,31,6,682000,0.06,0.04,,,,,,,,8/30/19 and 9/26/19 both have exact same data sheet besides the date
CCR,8/30/2019 10:00,,1130,12.3,6.7,3.99,1.95,43,6,1221000,0.05,0.051,,,,,,,,8/30/19 and 9/26/19 both have exact same data sheet besides the date
CCR,8/30/2019 10:00,,1120,12.3,6.6,3.54,1.93,45,4,1848000,0.15,0.174,,,,,,,,8/30/19 and 9/26/19 both have exact same data sheet besides the date
CCR,9/26/2019 10:00,,1160,23.5,7.5,7.19,1.37,9,6,429000,0.01,0.019,,,,"sunny, warm",anacystis,4.4 low,1140/1150,8/30/19 and 9/26/19 both have exact same data sheet besides the date
CCR,9/26/2019 10:00,,1150,23.4,7.4,6.09,1.64,35,6,869000,0.03,0.024,,,,,,,,8/30/19 and 9/26/19 both have exact same data sheet besides the date
CCR,9/26/2019 10:00,,1140,14.5,6.9,4.07,1.84,31,6,682000,0.06,0.04,,,,,,,,8/30/19 and 9/26/19 both have exact same data sheet besides the date
CCR,9/26/2019 10:00,,1130,12.3,6.7,3.99,1.95,43,6,1221000,0.05,0.051,,,,,,,,8/30/19 and 9/26/19 both have exact same data sheet besides the date
CCR,9/26/2019 10:00,,1120,12.3,6.6,3.54,1.93,45,4,1848000,0.15,0.174,,,,,,,,8/30/19 and 9/26/19 both have exact same data sheet besides the date
CCR,10/31/2019 10:00,,1160,18.2,7.49,9.97,1.35,18,8,891000,0.04,0.021,,,,"light rain, overcast, warm","anacystis, flagellate",,1140/1150,
CCR,10/31/2019 10:00,,1150,18.3,7.22,9.38,1.38,18,2,1012000,0.05,0.025,,,,,,,,
CCR,10/31/2019 10:00,,1140,17.1,6.99,7.64,2.18,27,2,1252000,0.1,0.065,,,,,,,,
CCR,10/31/2019 10:00,,1130,16.1,6.54,4.97,3.1,39,<2,946000,0.29,0.92,,,,,,,,
CCR,10/31/2019 10:00,,1120,13.3,6.69,3.08,3.77,76,<2,891000,0.26,1.12,,,,,,,,
CCR,11/22/2019 9:00,,1160,11.1,7.35,9.62,2.47,35,6,1980000,0.08,0.149,,,,"light rain, light wind","anacystis, ulothrix",,1140/1150,
CCR,11/22/2019 9:00,,1150,10.4,7.34,9.55,2.45,34,2,1705000,0.09,0.15,,,,,,,,
CCR,11/22/2019 9:00,,1140,10.3,7.39,9.67,2.88,36,<2,1419000,0.11,0.172,,,,,,,,
CCR,11/22/2019 9:00,,1130,10.2,7.35,9.83,2.42,41,3,1320000,0.09,0.171,,,,,,,,
CCR,11/22/2019 9:00,,1120,9.9,7.34,9.74,3.64,40,3,957000,0.16,0.232,,,,,,,,
CCR,12/31/2019 10:00,,1160,7.3,7.57,10.85,1.88,22,4,825000,0.09,0.039,,,,"rotten grass smell through water column / overcast ,cool","anacystis, ulothrix",2.9 below full pond,1140/1150,
CCR,12/31/2019 10:00,,1150,8.5,7.65,9.85,1.95,31,6,594000,0.06,0.038,,,,,,,,
CCR,12/31/2019 10:00,,1140,7.2,7.62,10.86,2.18,41,6,374000,0.08,0.045,,,,,,,,
CCR,12/31/2019 10:00,,1130,6.8,7.68,10.64,2.77,38,6,583000,0.09,0.064,,,,,,,,
CCR,12/31/2019 10:00,,1120,6.7,7.62,11.05,2.81,43,6,429000,0.09,0.073,,,,,,,,
CCR,1/31/2020 9:20,,1160,6.3,7.5,13.92,2.48,31,3,429000,0.06,0.043,,,,"cloudy, cool","anacystis, asterionella",,1140/1150,
CCR,1/31/2020 9:20,,1150,6.2,7.5,14,2.29,34,<2,363000,0.06,0.038,,,,,,,,
CCR,1/31/2020 9:20,,1140,6,7.6,13.61,2.28,30,<2,616000,0.06,0.036,,,,,,,,
CCR,1/31/2020 9:20,,1130,5.9,7.6,13.87,2.06,30,<2,737000,0.06,0.041,,,,,,,,
CCR,1/31/2020 9:20,,1120,5.9,7.5,13.95,2.22,29,6,924000,0.06,0.042,,,,,,,,
CCR,2/28/2020 10:00,,1160,8.8,7.7,11.46,3.3,43,4,649000,0.1,0.055,,,,"cloudy, cool","anacystis, ulothrix, euglena, asterionella",,1140/1150,
CCR,2/28/2020 10:00,,1150,8.3,7.7,10.73,2.86,39,3,616000,0.11,0.052,,,,,,,,
CCR,2/28/2020 10:00,,1140,6.5,7.4,11.4,2.66,41,3,814000,0.08,0.05,,,,,,,,
CCR,2/28/2020 10:00,,1130,7,7.24,10.79,3.03,41,4,143000,0.09,0.052,,,,,,,,
CCR,2/28/2020 10:00,,1120,6.2,7,11.28,2.51,36,4,473000,0.1,0.054,,,,,,,,
CCR,3/20/2020 12:00,,1160,11.2,7.69,10,1.57,31,4,649000,0.06,0.009,,,,cloudy,"chlorella, asterionella, ulothrix, anacystis",,1140/1150,
CCR,3/20/2020 12:00,,1150,10.3,7.43,9.7,1.92,46,3,1056000,0.06,0.021,,,,,,,,
CCR,3/20/2020 12:00,,1140,9.9,7.32,9.36,1.91,35,3,319000,0.08,0.026,,,,,,,,
CCR,3/20/2020 12:00,,1130,8.6,7.14,9.22,2.51,40,2,484000,0.11,0.03,,,,,,,,
CCR,3/20/2020 12:00,,1120,8.2,7.2,9.35,5,66,4,2178000,0.2,0.095,,,,,,,,
CCR,4/30/2020 12:00,,1160,15.1,7.3,8.4,3.64,35,,649000,0.1,0.031,,,,cloudy,anacystis,full,1140/1150,
CCR,4/30/2020 12:00,,1150,14.4,7.2,8.32,3.75,46,,660000,0.1,0.035,,,,,,,,
CCR,4/30/2020 12:00,,1140,13.4,7.1,7.77,3.78,41,,308000,0.11,0.04,,,,,,,,
CCR,4/30/2020 12:00,,1130,12.3,7,7.67,2.51,27,,715000,0.09,0.04,,,,,,,,
CCR,4/30/2020 12:00,,1120,9.5,7.1,7.52,2.94,33,,2288000,0.2,0.073,,,,,,,,
CCR,5/28/2020 10:00,,1160,17.2,7.1,9.18,5.07,37,,209000,0.1,0.029,,,,"blow off may have occurred before arrival; clear, warm",anacystis,full,1140/1150,
CCR,5/28/2020 10:00,,1150,14.4,7,8.38,7.97,60,,385000,0.16,0.035,,,,,,,,
CCR,5/28/2020 10:00,,1140,16.1,7,8.03,12,100,,264000,0.22,0.04,,,,,,,,
CCR,5/28/2020 10:00,,1130,13.3,7,5.33,2.86,14,,550000,0.06,0.032,,,,,,,,
CCR,5/28/2020 10:00,,1120,13.8,7,6.72,5.29,43,,561000,0.09,0.036,,,,,,,,
CCR,6/26/2020 11:00,,1160,21.5,6.87,7.11,5.7,74,,605000,0.05,0.027,,,,"warm, breezy",anacystis,full pond running over spillway,1140/1150,
CCR,6/26/2020 11:00,,1150,17,6.78,5.77,5.5,70,,1210000,0.04,0.029,,,,,,,,
CCR,6/26/2020 11:00,,1140,14.9,6.84,4.66,3.13,40,,902000,0.08,0.051,,,,,,,,
CCR,6/26/2020 11:00,,1130,13.3,6.85,4.24,1.55,29,,407000,0.11,0.05,,,,,,,,
CCR,6/26/2020 11:00,,1120,12.2,6.83,4.52,1.98,29,,594000,0.14,0.089,,,,,,,,
CCR,7/30/2020 10:30,,1160,29.6,7.25,7.57,0.75,20,,451000,0.04,0.012,,,,"green water, clear, water",anacystis,1159.1,1140/1150,
CCR,7/30/2020 10:30,,1150,21.5,7,6.79,1.84,60,,1364000,0.04,0.02,,,,,,,,
CCR,7/30/2020 10:30,,1140,16.1,6.8,5.17,2.03,28,,275000,0.05,0.135,,,,,,,,
CCR,7/30/2020 10:30,,1130,13.2,6.7,6.23,3.39,38,,396000,0.1,0.415,,,,,,,,
CCR,7/30/2020 10:30,,1120,15.9,6.72,6.84,4.14,59,,495000,0.12,0.499,,,,,,,,
CCR,8/21/2020 10:30,,1160,26.3,6.9,6.26,1.4,34,,"704,000",0.04,0.015,,,,light rain,anacystis,,1140/1150,
CCR,8/21/2020 10:30,,1150,22.9,6.9,5.45,1.63,33,,"627,000",0.07,0.016,,,,,,,,
CCR,8/21/2020 10:30,,1140,14.5,6.6,2.52,1.66,24,,"550,000",0.05,0.207,,,,,,,,
CCR,8/21/2020 10:30,,1130,12.7,6.6,4.84,4.84,82,,"990,000",0.25,0.644,,,,,,,,
CCR,8/21/2020 10:30,,1120,13,6.6,4.51,5.69,75,,"1,133,000",0.22,0.63,,,,,,,,
CCR,9/30/2020 10:30,,1160,19.8,7.2,8.84,1.63,37,,"660,000",0.06,0.026,,,,"collected after huge rain event; cool, slight breeze, partly sunny","anacystis, ulothrix",,1140/1150,
CCR,9/30/2020 10:30,,1150,19.5,7.2,7.31,1.73,28,,275000,0.06,0.016,,,,,,,,
CCR,9/30/2020 10:30,,1140,12,6.7,4.03,5.01,71,,627000,0.23,0.366,,,,,,,,
CCR,9/30/2020 10:30,,1130,12.4,6.7,5.11,7.22,90,,1155000,0.36,0.47,,,,,,,,
CCR,9/30/2020 10:30,,1120,11.6,6.7,4.32,7.96,133,,4015000,0.59,0.606,,,,,,,,
CCR,10/30/2020 10:25,,1160,17.2,7.6,10.06,1.69,32,,781000,0.03,0.02,,,,"overcast, cool, windy",anacystis,,1140-1150,
CCR,10/30/2020 10:25,,1150,17.3,7.4,8.77,1.7,35,,913000,0.03,0.028,,,,,,,,
CCR,10/30/2020 10:25,,1140,16.2,6.7,7.54,2.08,36,,1001000,0.01,0.027,,,,,,,,
CCR,10/30/2020 10:25,,1130,13.1,6.6,5.87,4.31,61,,1133000,0.12,0.15,,,,,,,,
CCR,10/30/2020 10:25,,1120,12.2,6.6,5.29,4.52,60,,1188000,0.15,0.16,,,,,,,,
CCR,11/25/2020 11:00,,1160,12,6.6,7.77,4.92,28,,1793000,0.24,0.089,,,,"cool, calm, brown/green water","anacystis, ulothrix",full,1140/1150,
CCR,11/25/2020 11:00,,1150,11.8,6.7,7.78,5.34,11,,2046000,0.09,0.088,,,,,,,,
CCR,11/25/2020 11:00,,1140,11.8,6.5,9.49,5.95,16,,2739000,0.11,0.095,,,,,,,,
CCR,11/25/2020 11:00,,1130,11.8,6.6,7.66,5.56,17,,3520000,0.11,0.1,,,,,,,,
CCR,11/25/2020 11:00,,1120,11.8,6.7,7.5,7.76,22,,3014000,0.14,0.125,,,,,,,,
CCR,12/29/2020 10:15,,1160,6.9,6.6,11.72,1.82,25,,1210000,0.07,0.03,,,,"clear, cool, windy","anacystis, ulothrix",full,1140/1150,
CCR,12/29/2020 10:15,,1150,6.7,6.7,11.63,2.15,27,,781000,0.09,0.028,,,,,,,,
CCR,12/29/2020 10:15,,1140,6.5,7,11.43,1.77,20,,935000,0.07,0.03,,,,,,,,
CCR,12/29/2020 10:15,,1130,6.6,7.1,11.43,1.81,42,,627000,0.06,0.028,,,,,,,,
CCR,12/29/2020 10:15,,1120,6.1,7.1,11.49,2.28,23,,1342000,0.06,0.035,,,,,,,,
CCR,1/29/2021 11:30,,1160,4.7,7.2,18.4,2.46,39,,737000,0.02,0.03,,,,"clear, very cold, wind chill -1oc","anacystis, asterionella, ulothrix",full,,
CCR,1/29/2021 11:30,,1150,4.7,7.2,18.22,2.26,38,,627000,0.06,0.031,,,,,,,,
CCR,1/29/2021 11:30,,1140,4.3,7.2,19.34,2.63,36,,605000,0.07,0.027,,,,,,,,
CCR,1/29/2021 11:30,,1130,4.3,7.3,19.12,2.97,42,,407000,0.07,0.03,,,,,,,,
CCR,1/29/2021 11:30,,1120,4.2,7.3,19.63,3.16,41,,429000,0.11,0.021,,,,,,,,
CCR,2/24/2021 10:45,,1160,6.5,7,14.01,2.66,37,,1199000,0.07,0.03,,,,"clear, windy, warm, anabaena found in level 1120 ","anacystis, asterionella, ulothrix, dinobryon, spirogyra",full,1150-1140,
CCR,2/24/2021 10:45,,1150,6.3,7,13.44,2.4,37,,869000,0.06,0.022,,,,,,,,
CCR,2/24/2021 10:45,,1140,6.2,7.1,14.52,2.51,41,,902000,0.08,0.033,,,,,,,,
CCR,2/24/2021 10:45,,1130,6.2,7.1,13.65,2.54,38,,1056000,0.07,0.029,,,,,,,,
CCR,2/24/2021 10:45,,1120,6.3,7,13.96,2.61,36,,352000,0.08,0.03,,,,,,,,
CCR,3/26/2021 10:45,,1160,10.2,7.2,12.31,2.31,33,,1023000,0.07,0.026,,,,"warm, breezy, clear ","anacystis, asterionella, ulothrix",full,1150-1140,
CCR,3/26/2021 10:45,,1150,9.6,7.1,12.5,2.51,32,,814000,0.07,0.026,,,,,,,,
CCR,3/26/2021 10:45,,1140,9.7,7.1,13.04,2.37,35,,902000,0.07,0.029,,,,,,,,
CCR,3/26/2021 10:45,,1130,9.7,7.1,12.58,2.67,39,,825000,0.08,0.039,,,,,,,,
CCR,3/26/2021 10:45,,1120,9,7.1,12.48,3.64,44,,1177000,0.11,0.049,,,,,,,,
CCR,5/7/2021 9:45,,1160,17.6,7.5,9.99,1.42,30,,396000,0.05,0.014,,,,"cloudy, cool, heavy pollen","anacystis, dinobryon, asterionella",almost full,1140-1150,
CCR,5/7/2021 9:45,,1150,15.7,7.4,11.18,1.75,32,,1584000,0.06,0.018,,,,,,,,
CCR,5/7/2021 9:45,,1140,11.3,7.4,11.28,2.34,22,,704000,0.06,0.026,,,,,,,,
CCR,5/7/2021 9:45,,1130,10.6,7,10.32,2.26,27,,990000,0.06,0.038,,,,,,,,
CCR,5/7/2021 9:45,,1120,11.2,7.1,10.27,2.37,32,,990000,0.07,0.042,,,,,,,,
CCR,5/28/2021 10:00,,1160,23.6,7.5,9.28,1.47,17,,627000,0.07,0.014,16,,,"clear, warm, green water, anabaeba was detected in level 1130","dinobryon, anacystis",,1140-1150,
CCR,5/28/2021 10:00,,1150,18.9,7.9,10.82,2.77,34,,1353000,0.05,0.018,16,,,,,,,
CCR,5/28/2021 10:00,,1140,17.6,7.4,9.44,2.28,27,,1056000,0.04,0.014,16,,,,,,,
CCR,5/28/2021 10:00,,1130,17.5,7.2,9.59,2.05,25,,748000,0.05,0.025,16,,,,,,,
CCR,5/28/2021 10:00,,1120,11,6.9,9.36,2.13,25,,1067000,0.05,0.041,18,,,,,,,